USE [DEPOOmBA01]
GO

SET IDENTITY_INSERT [dbo].[Pregunta] ON 

INSERT [dbo].[Pregunta] ([idPregunta], [nroPregunta], [descripcion]) VALUES (1, 111, N'¿Cuántos años de soledad transcurren en la novela de García Márquez?')
INSERT [dbo].[Pregunta] ([idPregunta], [nroPregunta], [descripcion]) VALUES (2, 112, N'¿Cómo se llama el dictador de "1984", la novela de Orwell?')
INSERT [dbo].[Pregunta] ([idPregunta], [nroPregunta], [descripcion]) VALUES (3, 113, N'¿Con qué nombre era más conocido el escritor Alexei Maximovich Peshkov?')
INSERT [dbo].[Pregunta] ([idPregunta], [nroPregunta], [descripcion]) VALUES (4, 114, N'El Principito le pide a Saint-Exupéry que le dibuje ... ¿qué cosa?')
INSERT [dbo].[Pregunta] ([idPregunta], [nroPregunta], [descripcion]) VALUES (5, 115, N'¿En qué idioma escribían los hermanos Grimm?')
INSERT [dbo].[Pregunta] ([idPregunta], [nroPregunta], [descripcion]) VALUES (6, 116, N'¿Con qué nombre fue más famoso el arquitecto francés Charles Edouard Jeanneret-Gris?')
INSERT [dbo].[Pregunta] ([idPregunta], [nroPregunta], [descripcion]) VALUES (7, 121, N'¿Quién escribió los tres cuentos en que se basa la película "Cuentos Asombrosos II", de Steven Spielberg?')
INSERT [dbo].[Pregunta] ([idPregunta], [nroPregunta], [descripcion]) VALUES (8, 122, N'El cantante Johnny Halliday, ¿es francés, canadiense o inglés?')
INSERT [dbo].[Pregunta] ([idPregunta], [nroPregunta], [descripcion]) VALUES (9, 123, N'Hermann Hesse era suizo, ¿pero en qué idioma escribía?')
INSERT [dbo].[Pregunta] ([idPregunta], [nroPregunta], [descripcion]) VALUES (10, 124, N'Los ayatollahs de Irán le pusieron precio a su cabeza por escribir los "Versos satánicos": ¿de quién se trata?')
INSERT [dbo].[Pregunta] ([idPregunta], [nroPregunta], [descripcion]) VALUES (11, 125, N'¿Cuál era el nombre artístico del guitarrista español Francisco Sánchez?')
INSERT [dbo].[Pregunta] ([idPregunta], [nroPregunta], [descripcion]) VALUES (12, 126, N'Según John Le Carré, ¿de dónde volvió el espía?')
INSERT [dbo].[Pregunta] ([idPregunta], [nroPregunta], [descripcion]) VALUES (13, 131, N'¿Qué instrumento musical toca Roberto Pettinato?')
INSERT [dbo].[Pregunta] ([idPregunta], [nroPregunta], [descripcion]) VALUES (14, 132, N'¿Qué disciplina artística atrajo desde joven a Ernesto Sabato, además de la literatura?')
INSERT [dbo].[Pregunta] ([idPregunta], [nroPregunta], [descripcion]) VALUES (15, 133, N'La jota es aragonesa ... ¿y la sardana?')
INSERT [dbo].[Pregunta] ([idPregunta], [nroPregunta], [descripcion]) VALUES (16, 134, N'¿Quién escribió aquello de "las penas son de nosotros, las vaquitas son ajenas" ?')
INSERT [dbo].[Pregunta] ([idPregunta], [nroPregunta], [descripcion]) VALUES (17, 135, N'¿Quién le puso de nombre Lucille a cada una de sus guitarras?')
INSERT [dbo].[Pregunta] ([idPregunta], [nroPregunta], [descripcion]) VALUES (18, 136, N'¿A qué pintor le endilgaron el mote de "Avida Dollars", en alusión a su codicia y usando las mismas letras de su nombre verdadero?')
INSERT [dbo].[Pregunta] ([idPregunta], [nroPregunta], [descripcion]) VALUES (19, 141, N'Los demonios que adoptan forma masculina se llaman íncubos, ¿y los que adoptan forma femenina?')
INSERT [dbo].[Pregunta] ([idPregunta], [nroPregunta], [descripcion]) VALUES (20, 142, N'La zanfonía, ¿es un instrumento de viento, de cuerdas o de percusión?')
INSERT [dbo].[Pregunta] ([idPregunta], [nroPregunta], [descripcion]) VALUES (21, 143, N'La punta de la hoz de la bandera soviética, ¿apuntaba hacia la derecha o hacia la izquierda?')
INSERT [dbo].[Pregunta] ([idPregunta], [nroPregunta], [descripcion]) VALUES (22, 144, N'¿ Qué puede ser vertical, diagonal, de cola o de media cola?')
INSERT [dbo].[Pregunta] ([idPregunta], [nroPregunta], [descripcion]) VALUES (23, 145, N'¿Qué volcán aparece en el escudo de la Provincia de Neuquén?')
INSERT [dbo].[Pregunta] ([idPregunta], [nroPregunta], [descripcion]) VALUES (24, 146, N'¿Cuál es la marca de ketchup más famosa del mundo?')
INSERT [dbo].[Pregunta] ([idPregunta], [nroPregunta], [descripcion]) VALUES (25, 151, N'John Lennon, ¿tuvo hijos con Yoko Ono?')
INSERT [dbo].[Pregunta] ([idPregunta], [nroPregunta], [descripcion]) VALUES (26, 152, N'El árabe ¿es una lengua semítica, igual que el hebreo?')
INSERT [dbo].[Pregunta] ([idPregunta], [nroPregunta], [descripcion]) VALUES (27, 153, N'Bepo era el gato de ... ¿de quién?')
INSERT [dbo].[Pregunta] ([idPregunta], [nroPregunta], [descripcion]) VALUES (28, 154, N'¿Los automóviles de qué marca eran la pasión de Elvis Presley?')
INSERT [dbo].[Pregunta] ([idPregunta], [nroPregunta], [descripcion]) VALUES (29, 155, N'¿Cómo se llamó la primera esposa de Paul McCartney?')
INSERT [dbo].[Pregunta] ([idPregunta], [nroPregunta], [descripcion]) VALUES (30, 156, N'Las famosas Harley Davidson, ¿son famosas qué?')
INSERT [dbo].[Pregunta] ([idPregunta], [nroPregunta], [descripcion]) VALUES (31, 161, N'La palabra "guitarra", ¿viene del árabe o del griego?')
INSERT [dbo].[Pregunta] ([idPregunta], [nroPregunta], [descripcion]) VALUES (32, 162, N'¿Cuántos peniques forman una libra?')
INSERT [dbo].[Pregunta] ([idPregunta], [nroPregunta], [descripcion]) VALUES (33, 163, N'¿ Qué significa el proverbio latino "res non verba"?')
INSERT [dbo].[Pregunta] ([idPregunta], [nroPregunta], [descripcion]) VALUES (34, 164, N'La gotita, el adhesivo instantáneo, ¿es de Poxipol?')
INSERT [dbo].[Pregunta] ([idPregunta], [nroPregunta], [descripcion]) VALUES (35, 165, N'Absolut y "Smirnoff" son marcas de ... ¿de qué?')
INSERT [dbo].[Pregunta] ([idPregunta], [nroPregunta], [descripcion]) VALUES (36, 166, N'¿La marca de automóviles RollsRoyce nombra a una sola persona o a dos?')
INSERT [dbo].[Pregunta] ([idPregunta], [nroPregunta], [descripcion]) VALUES (37, 211, N'¡Marchemos,  hijos  de  la  patria ... es el primer verso del himno nacional de... ¿de qué país?')
INSERT [dbo].[Pregunta] ([idPregunta], [nroPregunta], [descripcion]) VALUES (38, 212, N'¿A qué llaman los japoneses "joya amarilla" o "gran tesoro"?')
INSERT [dbo].[Pregunta] ([idPregunta], [nroPregunta], [descripcion]) VALUES (39, 213, N'Algo pulquérrimo, ¿es  algo muy pulcro o muy sucio?')
INSERT [dbo].[Pregunta] ([idPregunta], [nroPregunta], [descripcion]) VALUES (40, 214, N'El  famoso "MI-5", ¿es un  arma,  un avión o un servicio de inteligencia?')
INSERT [dbo].[Pregunta] ([idPregunta], [nroPregunta], [descripcion]) VALUES (41, 215, N'¿Se  puede  ver  la constelación  de Orión desde el hemisferio sur?')
INSERT [dbo].[Pregunta] ([idPregunta], [nroPregunta], [descripcion]) VALUES (42, 216, N'En  algunas  provincias, ¿quién es la "yaya"?')
INSERT [dbo].[Pregunta] ([idPregunta], [nroPregunta], [descripcion]) VALUES (43, 221, N'Lo "vernal", ¿pertenece al otoño, al verano o a la primavera?')
INSERT [dbo].[Pregunta] ([idPregunta], [nroPregunta], [descripcion]) VALUES (44, 222, N'¿Qué se conmemoraba en París el 28  de  diciembre  de  1895,  cuando  los hermanos Lumiere proyectaron por pri­ mera vez imágenes sobre una pantalla?')
INSERT [dbo].[Pregunta] ([idPregunta], [nroPregunta], [descripcion]) VALUES (45, 223, N'¿Cuál  es el  pájaro volador más pesado: la avutarda africana, el cóndor de los Andes o el guacamayo?')
INSERT [dbo].[Pregunta] ([idPregunta], [nroPregunta], [descripcion]) VALUES (46, 224, N'¿La estratósfera  es  parte  de  la at­ mósfera, o es al revés?')
INSERT [dbo].[Pregunta] ([idPregunta], [nroPregunta], [descripcion]) VALUES (47, 225, N'¿Qué cosa tiene macillos, cuerdas, pedales, puentes y apagadores?')
INSERT [dbo].[Pregunta] ([idPregunta], [nroPregunta], [descripcion]) VALUES (48, 226, N'¿Qué estatua alcanza más altura desde la base hasta lo alto, contando la base? ¿El Cristo del Corcovado de Río de Janeiro o la Estatua de la Libertad?')
INSERT [dbo].[Pregunta] ([idPregunta], [nroPregunta], [descripcion]) VALUES (49, 231, N'El  inquilino, ¿es  el  locador  o  el locatario?')
INSERT [dbo].[Pregunta] ([idPregunta], [nroPregunta], [descripcion]) VALUES (50, 232, N'¿Para qué sirve la garlopa?')
INSERT [dbo].[Pregunta] ([idPregunta], [nroPregunta], [descripcion]) VALUES (51, 233, N'En la Exposición Rural, a los toros premiados les ponen cucardas, ¿y a los chanchos?')
INSERT [dbo].[Pregunta] ([idPregunta], [nroPregunta], [descripcion]) VALUES (52, 234, N'Además  de  las  del  tabaco, ¿qué otras hojas suelen usarse en el interior para armar cigarros?')
INSERT [dbo].[Pregunta] ([idPregunta], [nroPregunta], [descripcion]) VALUES (53, 235, N'¿Cuántas liendres puede poner un piojo por día? ¿Más o menos de cien? MENOS (aproximadamente 8)')
INSERT [dbo].[Pregunta] ([idPregunta], [nroPregunta], [descripcion]) VALUES (54, 236, N'¿Qué obra fue robada más veces de la  Biblioteca  Nacional:  la  "Biblia",  el "Martín  Fierro"  o "El  libro  de  Doña Petrona"?')
INSERT [dbo].[Pregunta] ([idPregunta], [nroPregunta], [descripcion]) VALUES (55, 241, N'¿Qué  frase  está  impresa  en  los billetes de dólar de todos los valores?')
INSERT [dbo].[Pregunta] ([idPregunta], [nroPregunta], [descripcion]) VALUES (56, 242, N'¿Lincoln aparece en los billetes de  1  dólar  y  Washington  en  los  de  5 dólares, o es al revés?')
INSERT [dbo].[Pregunta] ([idPregunta], [nroPregunta], [descripcion]) VALUES (57, 243, N'Si  se  desea  revelar  los  rasgos  psi­ cológicos  de  una  persona  a  través  de su letra, ¿a qué arte se debe recurrir?')
INSERT [dbo].[Pregunta] ([idPregunta], [nroPregunta], [descripcion]) VALUES (58, 244, N'¿Qué famosa universidad está en la ciudad de Cambridge, Massachusetts?')
INSERT [dbo].[Pregunta] ([idPregunta], [nroPregunta], [descripcion]) VALUES (59, 245, N'¿Cuántos  megas  entran  en  un giga?')
INSERT [dbo].[Pregunta] ([idPregunta], [nroPregunta], [descripcion]) VALUES (60, 246, N'El  "mate  del estribo",  ¿es  el  que se le sirve al que acaba de llegar o al que se está por ir?')
INSERT [dbo].[Pregunta] ([idPregunta], [nroPregunta], [descripcion]) VALUES (61, 251, N'¿Qué cosa tiene muchos dientes y un solo forzal?')
INSERT [dbo].[Pregunta] ([idPregunta], [nroPregunta], [descripcion]) VALUES (62, 252, N'¿Cuantas puertas tenía el Volk­ swagen Escarabajo?')
INSERT [dbo].[Pregunta] ([idPregunta], [nroPregunta], [descripcion]) VALUES (63, 253, N'¿Qué  historieta  surgió  de  la  idea de  promocionar  los  electrodomésticos marca Mansfield?')
INSERT [dbo].[Pregunta] ([idPregunta], [nroPregunta], [descripcion]) VALUES (64, 254, N'¿Qué apellido esconde la C. de Doña Petrona C. de Gandulfo?')
INSERT [dbo].[Pregunta] ([idPregunta], [nroPregunta], [descripcion]) VALUES (65, 255, N'¿Cuál  es  la  unidad  monetaria de Mónaco?')
INSERT [dbo].[Pregunta] ([idPregunta], [nroPregunta], [descripcion]) VALUES (66, 256, N'¿Qué patriota estadounidense aparece en los billetes de cien dólares?')
INSERT [dbo].[Pregunta] ([idPregunta], [nroPregunta], [descripcion]) VALUES (67, 261, N'¿A qué cosa se llamaba el cine de las sábanas blancas?')
INSERT [dbo].[Pregunta] ([idPregunta], [nroPregunta], [descripcion]) VALUES (68, 262, N'La  palabra  «gayola»  ¿es  propia del lunfardo o es correcto español?')
INSERT [dbo].[Pregunta] ([idPregunta], [nroPregunta], [descripcion]) VALUES (69, 263, N'Sacarina, ¿es marca o producto?')
INSERT [dbo].[Pregunta] ([idPregunta], [nroPregunta], [descripcion]) VALUES (70, 264, N'En Italia,  ¿cómo llaman a las catedrales?')
INSERT [dbo].[Pregunta] ([idPregunta], [nroPregunta], [descripcion]) VALUES (71, 265, N'¿Con  el  nombre  de  qué  rey  se conoce  al  recipiente  que  contiene  15 litros de champagne?')
INSERT [dbo].[Pregunta] ([idPregunta], [nroPregunta], [descripcion]) VALUES (72, 266, N'Según se dice, ¿qué tienen los amarretes en el bolsillo?')
INSERT [dbo].[Pregunta] ([idPregunta], [nroPregunta], [descripcion]) VALUES (73, 311, N'¿A qué deporte se dedicaba Dwayne "La Roca" Johnson antes de ser actor?')
INSERT [dbo].[Pregunta] ([idPregunta], [nroPregunta], [descripcion]) VALUES (74, 312, N'En  ajedrez,  ¿qué  pieza  puede convertirse en otra al alcanzar el otro extremo del tablero?')
INSERT [dbo].[Pregunta] ([idPregunta], [nroPregunta], [descripcion]) VALUES (75, 313, N'El  "guardainfante" que  usaban  las mujeres antiguamente, ¿era un delan­ tal, un miriñaque o un sombrero?')
INSERT [dbo].[Pregunta] ([idPregunta], [nroPregunta], [descripcion]) VALUES (76, 314, N'¿Qué equipo español es el de "los colchoneros"?')
INSERT [dbo].[Pregunta] ([idPregunta], [nroPregunta], [descripcion]) VALUES (77, 315, N'La ciudad de Cristal, en Texas, es llamada ''la capital mundial de..." ¿Del vidrio,  de la espinaca o de las medias de nylon?')
INSERT [dbo].[Pregunta] ([idPregunta], [nroPregunta], [descripcion]) VALUES (78, 316, N'En  1928,  comenzó  a  circular  por Buenos  Aires  un  novedoso  medio  de transporte  de  pasajeros.  ¿Qué  medio era?')
INSERT [dbo].[Pregunta] ([idPregunta], [nroPregunta], [descripcion]) VALUES (79, 321, N'¿Qué  grupo  nacido  a  fines  de  los 70 lideró Sting?')
INSERT [dbo].[Pregunta] ([idPregunta], [nroPregunta], [descripcion]) VALUES (80, 322, N'¿Qué país fue elegido como sede de los Juegos Olímpicos de Invierno 2018?')
INSERT [dbo].[Pregunta] ([idPregunta], [nroPregunta], [descripcion]) VALUES (81, 323, N'¿De qué signo zodiacal es Ludovica Squirru?')
INSERT [dbo].[Pregunta] ([idPregunta], [nroPregunta], [descripcion]) VALUES (82, 324, N'¿Cuál es el mineral de menor dureza?')
INSERT [dbo].[Pregunta] ([idPregunta], [nroPregunta], [descripcion]) VALUES (83, 325, N'¿Qué país produce mayor cantidad de tabaco: China, Cuba u Holanda?')
INSERT [dbo].[Pregunta] ([idPregunta], [nroPregunta], [descripcion]) VALUES (84, 326, N'La xenofobia es la fobia a ... ¿a quiénes?')
INSERT [dbo].[Pregunta] ([idPregunta], [nroPregunta], [descripcion]) VALUES (85, 331, N'La rata, el búfalo, la serpiente y el chancho son; la mosca, el elefante y la iguana no son ¿qué cosa?')
INSERT [dbo].[Pregunta] ([idPregunta], [nroPregunta], [descripcion]) VALUES (86, 332, N'¿ Dónde estuvo prohibida la cerveza (y permitidas las demás bebidas alcohólicas) entre 1916 y 1988?')
INSERT [dbo].[Pregunta] ([idPregunta], [nroPregunta], [descripcion]) VALUES (87, 333, N'¿Cuántos son los animales del horóscopo chino?')
INSERT [dbo].[Pregunta] ([idPregunta], [nroPregunta], [descripcion]) VALUES (88, 334, N'¿Cómo se dice avestruz en alemán?')
INSERT [dbo].[Pregunta] ([idPregunta], [nroPregunta], [descripcion]) VALUES (89, 335, N'El símbolo de Le Coq es un gallo, el de Lacoste un cocodrilo, ¿y el de Fred Ferry?')
INSERT [dbo].[Pregunta] ([idPregunta], [nroPregunta], [descripcion]) VALUES (90, 336, N'¿De qué está hecho el ketchup hindú?')
INSERT [dbo].[Pregunta] ([idPregunta], [nroPregunta], [descripcion]) VALUES (91, 341, N'En España lo llaman albaricoque, ¿pero qué es?')
INSERT [dbo].[Pregunta] ([idPregunta], [nroPregunta], [descripcion]) VALUES (92, 342, N'La palabra "yankee", ¿viene de "Juancito" en holandés, de "junco" en alemán o de "gracias" en sueco?')
INSERT [dbo].[Pregunta] ([idPregunta], [nroPregunta], [descripcion]) VALUES (93, 343, N'¿Qué instrumento musical tocaba Juan Pablo II?')
INSERT [dbo].[Pregunta] ([idPregunta], [nroPregunta], [descripcion]) VALUES (94, 344, N'La expresión de saludo "chau", ¿es de origen árabe, italiano o quechua?')
INSERT [dbo].[Pregunta] ([idPregunta], [nroPregunta], [descripcion]) VALUES (95, 345, N'¿Cómo se llaman los caramelos en forma de nudo característicos de las provincias del norte?')
INSERT [dbo].[Pregunta] ([idPregunta], [nroPregunta], [descripcion]) VALUES (96, 346, N'En Suecia, para consumir alcohol en un bar hay que tener 18 años. ¿Y para comprarlo en una tienda?')
INSERT [dbo].[Pregunta] ([idPregunta], [nroPregunta], [descripcion]) VALUES (97, 351, N'¿De qué es la harina que se usa para hacer el chipá?')
INSERT [dbo].[Pregunta] ([idPregunta], [nroPregunta], [descripcion]) VALUES (98, 352, N'¿Qué bebida se prohibió en España durante el siglo XVI: el vino, el chocolate o la cerveza?')
INSERT [dbo].[Pregunta] ([idPregunta], [nroPregunta], [descripcion]) VALUES (99, 353, N'Según una costumbre tradicional, ¿qué se come los días de lluvia?')
GO
INSERT [dbo].[Pregunta] ([idPregunta], [nroPregunta], [descripcion]) VALUES (100, 354, N'Según la leyenda, ¿quién eligió a los animales del zodíaco chino?')
INSERT [dbo].[Pregunta] ([idPregunta], [nroPregunta], [descripcion]) VALUES (101, 355, N'¿Qué quiere decir huapi en araucano?')
INSERT [dbo].[Pregunta] ([idPregunta], [nroPregunta], [descripcion]) VALUES (102, 356, N'¿Cuáles son los componentes básicos de la salsa provenzal?')
INSERT [dbo].[Pregunta] ([idPregunta], [nroPregunta], [descripcion]) VALUES (103, 361, N'La caja de fósforos Gran Fragata, ¿cuántos fósforos trae?')
INSERT [dbo].[Pregunta] ([idPregunta], [nroPregunta], [descripcion]) VALUES (104, 362, N'¿Cómo se llama el perro de Inodoro Pereyra?')
INSERT [dbo].[Pregunta] ([idPregunta], [nroPregunta], [descripcion]) VALUES (105, 363, N'El símbolo de los productos de Tommy Hillfiger es rojo, blanco y … ¿qué otro color?')
INSERT [dbo].[Pregunta] ([idPregunta], [nroPregunta], [descripcion]) VALUES (106, 364, N'Las bodas de rubí, ¿se cumplen a los 30, 35 ó 40 años de casados?')
INSERT [dbo].[Pregunta] ([idPregunta], [nroPregunta], [descripcion]) VALUES (107, 365, N'El mar más caliente del planeta, ¿es el Mar Muerto, el Mar Caribe o el Mar Rojo?')
INSERT [dbo].[Pregunta] ([idPregunta], [nroPregunta], [descripcion]) VALUES (108, 366, N'¿Qué signo del zodíaco suele representarse con un número 69 acostado?')
INSERT [dbo].[Pregunta] ([idPregunta], [nroPregunta], [descripcion]) VALUES (109, 411, N'¿Cómo se llamaba la ayudante de Doña Petrona C. de Gandulfo?')
INSERT [dbo].[Pregunta] ([idPregunta], [nroPregunta], [descripcion]) VALUES (110, 412, N'¿Cuánto vale un rey en la escoba de quince?')
INSERT [dbo].[Pregunta] ([idPregunta], [nroPregunta], [descripcion]) VALUES (111, 413, N'¿Qué hay en Congreso 151, San Miguel de Tucumán?')
INSERT [dbo].[Pregunta] ([idPregunta], [nroPregunta], [descripcion]) VALUES (112, 414, N'¿ Qué se quema en el Botafumeiro de Santiago de Compostela?')
INSERT [dbo].[Pregunta] ([idPregunta], [nroPregunta], [descripcion]) VALUES (113, 415, N'¿En qué siglo se fundó el Opus Dei?')
INSERT [dbo].[Pregunta] ([idPregunta], [nroPregunta], [descripcion]) VALUES (114, 416, N'¿Cuántos colores presenta el arco iris?')
INSERT [dbo].[Pregunta] ([idPregunta], [nroPregunta], [descripcion]) VALUES (115, 421, N'¿Por qué nombre fue más conocido el revolucionario Doroteo Arango?')
INSERT [dbo].[Pregunta] ([idPregunta], [nroPregunta], [descripcion]) VALUES (116, 422, N'En el oráculo de Delfos, ¿se consultaba a Apolo, a Júpiter o a Afrodita?')
INSERT [dbo].[Pregunta] ([idPregunta], [nroPregunta], [descripcion]) VALUES (117, 423, N'El pueblo de La Pelada queda en Santa Fe. Argentina; ¿y en qué país está Peine?')
INSERT [dbo].[Pregunta] ([idPregunta], [nroPregunta], [descripcion]) VALUES (118, 424, N'¿Qué ciudad uruguaya se atribuye ser la cuna de Gardel?')
INSERT [dbo].[Pregunta] ([idPregunta], [nroPregunta], [descripcion]) VALUES (119, 425, N'¿Qué sopla la mujer del símbolo de la Editorial Larousse?')
INSERT [dbo].[Pregunta] ([idPregunta], [nroPregunta], [descripcion]) VALUES (120, 426, N'¿Qué cantante pronunciaba la "n" como si fuera una "r"?')
INSERT [dbo].[Pregunta] ([idPregunta], [nroPregunta], [descripcion]) VALUES (121, 431, N'¿Quién dijo que "hasta para ser santo hay que ser vivo"?')
INSERT [dbo].[Pregunta] ([idPregunta], [nroPregunta], [descripcion]) VALUES (122, 432, N'¿Qué célebre amante terminó su vida como bibliotecario?')
INSERT [dbo].[Pregunta] ([idPregunta], [nroPregunta], [descripcion]) VALUES (123, 433, N'¿ Cuál fue el cuarto de los tres mosqueteros?')
INSERT [dbo].[Pregunta] ([idPregunta], [nroPregunta], [descripcion]) VALUES (124, 434, N'El comején, ¿es un baile típico de Filipinas, un insecto de los países cálidos o un juego de dados hindú?')
INSERT [dbo].[Pregunta] ([idPregunta], [nroPregunta], [descripcion]) VALUES (125, 435, N'¿ Qué cosa de las que suele haber en un avión se hace con tela de avión?')
INSERT [dbo].[Pregunta] ([idPregunta], [nroPregunta], [descripcion]) VALUES (126, 436, N'Un gaditano lo es por haber nacido en ... ¿en dónde?')
INSERT [dbo].[Pregunta] ([idPregunta], [nroPregunta], [descripcion]) VALUES (127, 441, N'Los ñoquis a la romana, ¿con qué se hacen?')
INSERT [dbo].[Pregunta] ([idPregunta], [nroPregunta], [descripcion]) VALUES (128, 442, N'¿Cuál es el ingrediente infaltable en las comidas "a la florentina"?')
INSERT [dbo].[Pregunta] ([idPregunta], [nroPregunta], [descripcion]) VALUES (129, 443, N'¿Cuál es el nombre griego de Júpiter?')
INSERT [dbo].[Pregunta] ([idPregunta], [nroPregunta], [descripcion]) VALUES (130, 444, N'Si se teje alternando una vuelta para arriba y otra para abajo, ¿qué punto se consigue?')
INSERT [dbo].[Pregunta] ([idPregunta], [nroPregunta], [descripcion]) VALUES (131, 445, N'¿Qué bebida se agrega al helado para preparar el "Don Pedro"?')
INSERT [dbo].[Pregunta] ([idPregunta], [nroPregunta], [descripcion]) VALUES (132, 446, N'¿Qué enfermedad previene la vacuna B.C.G.?')
INSERT [dbo].[Pregunta] ([idPregunta], [nroPregunta], [descripcion]) VALUES (133, 451, N'¿Cuántas cuerdas tiene el ukelele?')
INSERT [dbo].[Pregunta] ([idPregunta], [nroPregunta], [descripcion]) VALUES (134, 452, N'¿Cómo se dice "una piedra" en alemán?')
INSERT [dbo].[Pregunta] ([idPregunta], [nroPregunta], [descripcion]) VALUES (135, 453, N'¿ Cómo se dice "compañero de viaje" en ruso?')
INSERT [dbo].[Pregunta] ([idPregunta], [nroPregunta], [descripcion]) VALUES (136, 454, N'"Mela", en italiano, ¿es miel, melón o manzana?')
INSERT [dbo].[Pregunta] ([idPregunta], [nroPregunta], [descripcion]) VALUES (137, 455, N'¿Qué quiere decir "sbornia" en italiano?')
INSERT [dbo].[Pregunta] ([idPregunta], [nroPregunta], [descripcion]) VALUES (138, 456, N'En una ruta, ¿qué se indica con la Cruz de San Andrés?')
INSERT [dbo].[Pregunta] ([idPregunta], [nroPregunta], [descripcion]) VALUES (139, 461, N'¿Cómo se llaman los boquerones en salmuera?')
INSERT [dbo].[Pregunta] ([idPregunta], [nroPregunta], [descripcion]) VALUES (140, 462, N'¿Qué actor hizo escribir sobre su tumba "Feo, fuerte y formal", en castellano?')
INSERT [dbo].[Pregunta] ([idPregunta], [nroPregunta], [descripcion]) VALUES (141, 463, N'¿Quién escribió que "un tonto ilustrado es más tonto que un tonto ignorante"?')
INSERT [dbo].[Pregunta] ([idPregunta], [nroPregunta], [descripcion]) VALUES (142, 464, N'Un viejo refrán español dice: «A Dios rogando y con el mazo ... » ¿qué ?')
INSERT [dbo].[Pregunta] ([idPregunta], [nroPregunta], [descripcion]) VALUES (143, 465, N'¿Qué fruta es la que los españoles llaman melocotón?')
INSERT [dbo].[Pregunta] ([idPregunta], [nroPregunta], [descripcion]) VALUES (144, 466, N'¿Cómo se llama la ciudad donde vive Clark Kent?')
INSERT [dbo].[Pregunta] ([idPregunta], [nroPregunta], [descripcion]) VALUES (145, 511, N'¿Qué famoso piloto realizó el primer vuelo con correo aéreo entre Buenos Aires y los Estados Unidos?')
INSERT [dbo].[Pregunta] ([idPregunta], [nroPregunta], [descripcion]) VALUES (146, 512, N'¿Cuántas cabezas tenía el Cancerbero que cuidaba la puerta del infierno?')
INSERT [dbo].[Pregunta] ([idPregunta], [nroPregunta], [descripcion]) VALUES (147, 513, N'¿Cuántas hojas de papel hay en una resma?')
INSERT [dbo].[Pregunta] ([idPregunta], [nroPregunta], [descripcion]) VALUES (148, 514, N'¿Con cuántas haches se escribe exhortar?')
INSERT [dbo].[Pregunta] ([idPregunta], [nroPregunta], [descripcion]) VALUES (149, 515, N'¿Cuántas alas tiene una libélula?')
INSERT [dbo].[Pregunta] ([idPregunta], [nroPregunta], [descripcion]) VALUES (150, 516, N'¿ Qué se saca con el "peeling"?')
INSERT [dbo].[Pregunta] ([idPregunta], [nroPregunta], [descripcion]) VALUES (151, 521, N'¿Qué bebida es el "Ocho Hermanos"?')
INSERT [dbo].[Pregunta] ([idPregunta], [nroPregunta], [descripcion]) VALUES (152, 522, N'¿Para qué sirven las hendeduras que tienen algunas planchas cerca de la punta?')
INSERT [dbo].[Pregunta] ([idPregunta], [nroPregunta], [descripcion]) VALUES (153, 523, N'¿Cuál es en Estados Unidos la comida tradicional del Día de Acción de Gracias?')
INSERT [dbo].[Pregunta] ([idPregunta], [nroPregunta], [descripcion]) VALUES (154, 524, N'Las termas de Copahue, ¿están en Neuquén, en Mendoza o en Mar del Plata?')
INSERT [dbo].[Pregunta] ([idPregunta], [nroPregunta], [descripcion]) VALUES (155, 525, N'¿En qué provincia argentina se filmó la escena final de"El renacido" en que Leonardo DiCaprio enfrenta a Tom Hardy?')
INSERT [dbo].[Pregunta] ([idPregunta], [nroPregunta], [descripcion]) VALUES (156, 526, N'¿Cuántos hijos tuvo Grace Kelly?')
INSERT [dbo].[Pregunta] ([idPregunta], [nroPregunta], [descripcion]) VALUES (157, 531, N'¿Qué es "la yuta"?')
INSERT [dbo].[Pregunta] ([idPregunta], [nroPregunta], [descripcion]) VALUES (158, 532, N'¿Por qué nombre es más conocida Stephanie Marie Elizabeth Grimaldi, condesa de Polignac?')
INSERT [dbo].[Pregunta] ([idPregunta], [nroPregunta], [descripcion]) VALUES (159, 533, N'Un señor "provecto", ¿es un avaro, un viejo o un pecador?')
INSERT [dbo].[Pregunta] ([idPregunta], [nroPregunta], [descripcion]) VALUES (160, 534, N'"Royal Enfield", ''A.J.S." y "Norton" son marcas ... ¿de qué?')
INSERT [dbo].[Pregunta] ([idPregunta], [nroPregunta], [descripcion]) VALUES (161, 535, N'¿De qué material es un "lignum crucis"?')
INSERT [dbo].[Pregunta] ([idPregunta], [nroPregunta], [descripcion]) VALUES (162, 536, N'¿Sobre qué avenida porteña se concentra la mayor cantidad de mueblerías?')
INSERT [dbo].[Pregunta] ([idPregunta], [nroPregunta], [descripcion]) VALUES (163, 541, N'¿Qué territorio posee Inglaterra en la Península Ibérica?')
INSERT [dbo].[Pregunta] ([idPregunta], [nroPregunta], [descripcion]) VALUES (164, 542, N'¿Quién tenía una espada suspendida sobre su cabeza?')
INSERT [dbo].[Pregunta] ([idPregunta], [nroPregunta], [descripcion]) VALUES (165, 543, N'¿Cuántas hélix tiene usted?')
INSERT [dbo].[Pregunta] ([idPregunta], [nroPregunta], [descripcion]) VALUES (166, 544, N'Los sastres ejercen el "arte sartorio" ... ¿pero quiénes ejercen el "arte sutorio"?')
INSERT [dbo].[Pregunta] ([idPregunta], [nroPregunta], [descripcion]) VALUES (167, 545, N'¿A qué diosa romana estaba dedicado el Viernes?')
INSERT [dbo].[Pregunta] ([idPregunta], [nroPregunta], [descripcion]) VALUES (168, 546, N'¿Qué significa la locución latina "urbi et orbi"?')
INSERT [dbo].[Pregunta] ([idPregunta], [nroPregunta], [descripcion]) VALUES (169, 551, N'¿Qué significa la inscripción "cave canem" que se grababa en el umbral de las casas romanas?')
INSERT [dbo].[Pregunta] ([idPregunta], [nroPregunta], [descripcion]) VALUES (170, 552, N'El símbolo con que se representa a la mujer es el símbolo de un planeta; ¿cuál?')
INSERT [dbo].[Pregunta] ([idPregunta], [nroPregunta], [descripcion]) VALUES (171, 553, N'¿Con pasta de qué se hacen los amaretti?')
INSERT [dbo].[Pregunta] ([idPregunta], [nroPregunta], [descripcion]) VALUES (172, 554, N'Para bailar la bamba, ¿qué se necesita?')
INSERT [dbo].[Pregunta] ([idPregunta], [nroPregunta], [descripcion]) VALUES (173, 555, N'¿Qué son Don Nuño, Cohiba, Montecristo y Partagás?')
INSERT [dbo].[Pregunta] ([idPregunta], [nroPregunta], [descripcion]) VALUES (174, 556, N'¿Cuál es la revista española típicamente dedicada a los chismes de la nobleza y del jet set?')
INSERT [dbo].[Pregunta] ([idPregunta], [nroPregunta], [descripcion]) VALUES (175, 561, N'¿A qué letra llaman "uve" en España?')
INSERT [dbo].[Pregunta] ([idPregunta], [nroPregunta], [descripcion]) VALUES (176, 562, N'¿Cuál fue la primera bebida que se pasteurizó?')
INSERT [dbo].[Pregunta] ([idPregunta], [nroPregunta], [descripcion]) VALUES (177, 563, N'Si usted nació el 7 de abril, ¿de qué signo es?')
INSERT [dbo].[Pregunta] ([idPregunta], [nroPregunta], [descripcion]) VALUES (178, 564, N'Las víctimas de Jack el Destripador, ¿eran ancianas, mujeres embarazadas o prostitutas?')
INSERT [dbo].[Pregunta] ([idPregunta], [nroPregunta], [descripcion]) VALUES (179, 565, N'¿Qué licor se hace con cerezas amargas y azúcar?')
INSERT [dbo].[Pregunta] ([idPregunta], [nroPregunta], [descripcion]) VALUES (180, 566, N'¿Con qué nombre se conoce a la ley del «ojo por ojo y diente por diente»?')
INSERT [dbo].[Pregunta] ([idPregunta], [nroPregunta], [descripcion]) VALUES (181, 611, N'¿Qué es lo que no hay que tirarle a los chanchos?')
INSERT [dbo].[Pregunta] ([idPregunta], [nroPregunta], [descripcion]) VALUES (182, 612, N'¿ Qué son Punta París, calamón y de calafate?')
INSERT [dbo].[Pregunta] ([idPregunta], [nroPregunta], [descripcion]) VALUES (183, 613, N'¿Como se llama el hijo de Michael Jackson?')
INSERT [dbo].[Pregunta] ([idPregunta], [nroPregunta], [descripcion]) VALUES (184, 614, N'¿Qué cantante negra cantó en el cierre del Mundial de Fútbol de EE.UU.?')
INSERT [dbo].[Pregunta] ([idPregunta], [nroPregunta], [descripcion]) VALUES (185, 615, N'¿Quién fue el primer marido de Sarah Ferguson?')
INSERT [dbo].[Pregunta] ([idPregunta], [nroPregunta], [descripcion]) VALUES (186, 616, N'¿De dónde se saca la sidra?')
INSERT [dbo].[Pregunta] ([idPregunta], [nroPregunta], [descripcion]) VALUES (187, 621, N'¿Cómo se llama la reina de España?')
INSERT [dbo].[Pregunta] ([idPregunta], [nroPregunta], [descripcion]) VALUES (188, 622, N'¿Cuál es el reloj que deja de funcionar cuando hay tormentas?')
INSERT [dbo].[Pregunta] ([idPregunta], [nroPregunta], [descripcion]) VALUES (189, 623, N'¿Qué inventó el agente de viajes Thomas Cook en 1874?')
INSERT [dbo].[Pregunta] ([idPregunta], [nroPregunta], [descripcion]) VALUES (190, 624, N'La zambomba, ¿es un instrumento musical, una fiesta morisca o una forma de zambullirse en el agua?')
INSERT [dbo].[Pregunta] ([idPregunta], [nroPregunta], [descripcion]) VALUES (191, 625, N'¿De qué color es la cruz de la bandera suiza?')
INSERT [dbo].[Pregunta] ([idPregunta], [nroPregunta], [descripcion]) VALUES (192, 626, N'El sastrecillo valiente mató siete de un golpe.¿Siete qué?')
INSERT [dbo].[Pregunta] ([idPregunta], [nroPregunta], [descripcion]) VALUES (193, 631, N'¿En qué ciudad italiana está la catedral de Santa Maria del Fiore?')
INSERT [dbo].[Pregunta] ([idPregunta], [nroPregunta], [descripcion]) VALUES (194, 632, N'¿Qué número es, en números romanos, una D?')
INSERT [dbo].[Pregunta] ([idPregunta], [nroPregunta], [descripcion]) VALUES (195, 633, N'¿Qué bebida blanca se prepara con orujo de uva?')
INSERT [dbo].[Pregunta] ([idPregunta], [nroPregunta], [descripcion]) VALUES (196, 634, N'La palabra "Karate" significa: el método, ¿del hombre fuerte, de la mano vacía, del junco en el agua?')
INSERT [dbo].[Pregunta] ([idPregunta], [nroPregunta], [descripcion]) VALUES (197, 635, N'Según el dicho, ¿quién es la madre de todos los vicios?')
INSERT [dbo].[Pregunta] ([idPregunta], [nroPregunta], [descripcion]) VALUES (198, 636, N'¿Qué mujer ha aparecido más veces en la tapa de la revista "Time"?')
INSERT [dbo].[Pregunta] ([idPregunta], [nroPregunta], [descripcion]) VALUES (199, 641, N'¿En qué idioma escribió Dante Alighieri "La Divina Comedia"?')
GO
INSERT [dbo].[Pregunta] ([idPregunta], [nroPregunta], [descripcion]) VALUES (200, 642, N'¿Qué organización internacional fundó el general inglés Baden-Powell a principios del siglo XX?')
INSERT [dbo].[Pregunta] ([idPregunta], [nroPregunta], [descripcion]) VALUES (201, 643, N'Si en Chile lo invita a una fuente de soda, ¿a dónde lo invitan?')
INSERT [dbo].[Pregunta] ([idPregunta], [nroPregunta], [descripcion]) VALUES (202, 644, N'Lázaro Zilberman es un conocido relator deportivo, pero ¿con qué nombre es conocido?')
INSERT [dbo].[Pregunta] ([idPregunta], [nroPregunta], [descripcion]) VALUES (203, 645, N'¿En el escudo de que ciudad hay una sirena?')
INSERT [dbo].[Pregunta] ([idPregunta], [nroPregunta], [descripcion]) VALUES (204, 646, N'¿De qué nacionalidad es Julian Assange, creador de WikiLeaks?')
INSERT [dbo].[Pregunta] ([idPregunta], [nroPregunta], [descripcion]) VALUES (205, 651, N'Los hemicordados, ¿son animales acuáticos, instrumentos de tres cuerdas o cantos gregorianos truncos?')
INSERT [dbo].[Pregunta] ([idPregunta], [nroPregunta], [descripcion]) VALUES (206, 652, N'El primer rascacielos del mundo tenía ¿10 pisos, 32 pisos o 42 pisos?')
INSERT [dbo].[Pregunta] ([idPregunta], [nroPregunta], [descripcion]) VALUES (207, 653, N'¿Por qué usaba barba Lisandro de la Torre?')
INSERT [dbo].[Pregunta] ([idPregunta], [nroPregunta], [descripcion]) VALUES (208, 654, N'Cuchara, cuchillo y tenedor ¿cuál se inventó último?')
INSERT [dbo].[Pregunta] ([idPregunta], [nroPregunta], [descripcion]) VALUES (209, 655, N'¿Quién dijo "¡Triste época la nuestra! Es más fácil desintegrar un átomo que un prejuicio"?')
INSERT [dbo].[Pregunta] ([idPregunta], [nroPregunta], [descripcion]) VALUES (210, 656, N'¿A quién se atribuye la máxima "El hambre es el mejor condimento"?')
INSERT [dbo].[Pregunta] ([idPregunta], [nroPregunta], [descripcion]) VALUES (211, 661, N'¿Cómo se llama el lado más largo de un triángulo rectángulo?')
INSERT [dbo].[Pregunta] ([idPregunta], [nroPregunta], [descripcion]) VALUES (212, 662, N'¿Cómo se llama el perro de Darín en la película Truman?')
INSERT [dbo].[Pregunta] ([idPregunta], [nroPregunta], [descripcion]) VALUES (213, 663, N'¿Cuál era el dios romano del vino?')
INSERT [dbo].[Pregunta] ([idPregunta], [nroPregunta], [descripcion]) VALUES (214, 664, N'La urraca chirría, la paloma zurea, ¿y la lechuza?')
INSERT [dbo].[Pregunta] ([idPregunta], [nroPregunta], [descripcion]) VALUES (215, 665, N'¿Quién fue el primo más célebre de San Juan Bautista?')
INSERT [dbo].[Pregunta] ([idPregunta], [nroPregunta], [descripcion]) VALUES (216, 666, N'¿Qué revista fundó Larry Flynt?')
SET IDENTITY_INSERT [dbo].[Pregunta] OFF
GO
SET IDENTITY_INSERT [dbo].[Respuesta] ON 

INSERT [dbo].[Respuesta] ([idRespuesta], [descripcion], [esCorrecta], [idPregunta]) VALUES (1, N'NOVENTA', 0, 1)
INSERT [dbo].[Respuesta] ([idRespuesta], [descripcion], [esCorrecta], [idPregunta]) VALUES (2, N'CIEN', 1, 1)
INSERT [dbo].[Respuesta] ([idRespuesta], [descripcion], [esCorrecta], [idPregunta]) VALUES (3, N'OCHENTA', 0, 1)
INSERT [dbo].[Respuesta] ([idRespuesta], [descripcion], [esCorrecta], [idPregunta]) VALUES (4, N'EL PRINCIPAL', 0, 2)
INSERT [dbo].[Respuesta] ([idRespuesta], [descripcion], [esCorrecta], [idPregunta]) VALUES (5, N'YO, EL SUPREMO', 0, 2)
INSERT [dbo].[Respuesta] ([idRespuesta], [descripcion], [esCorrecta], [idPregunta]) VALUES (6, N'GRAN HERMANO', 1, 2)
INSERT [dbo].[Respuesta] ([idRespuesta], [descripcion], [esCorrecta], [idPregunta]) VALUES (7, N'FEDOR DOSTOIEVSKI', 0, 3)
INSERT [dbo].[Respuesta] ([idRespuesta], [descripcion], [esCorrecta], [idPregunta]) VALUES (8, N'LEÓN TOLSTOI', 0, 3)
INSERT [dbo].[Respuesta] ([idRespuesta], [descripcion], [esCorrecta], [idPregunta]) VALUES (9, N'MAXIMO GORKI', 1, 3)
INSERT [dbo].[Respuesta] ([idRespuesta], [descripcion], [esCorrecta], [idPregunta]) VALUES (10, N'UNA BOA', 0, 4)
INSERT [dbo].[Respuesta] ([idRespuesta], [descripcion], [esCorrecta], [idPregunta]) VALUES (11, N'UN SOMBRERO', 0, 4)
INSERT [dbo].[Respuesta] ([idRespuesta], [descripcion], [esCorrecta], [idPregunta]) VALUES (12, N'UN CORDERO', 1, 4)
INSERT [dbo].[Respuesta] ([idRespuesta], [descripcion], [esCorrecta], [idPregunta]) VALUES (13, N'INGLÉS', 0, 5)
INSERT [dbo].[Respuesta] ([idRespuesta], [descripcion], [esCorrecta], [idPregunta]) VALUES (14, N'ALEMÁN', 1, 5)
INSERT [dbo].[Respuesta] ([idRespuesta], [descripcion], [esCorrecta], [idPregunta]) VALUES (15, N'SUECO', 0, 5)
INSERT [dbo].[Respuesta] ([idRespuesta], [descripcion], [esCorrecta], [idPregunta]) VALUES (16, N'LE CORBUSIER', 1, 6)
INSERT [dbo].[Respuesta] ([idRespuesta], [descripcion], [esCorrecta], [idPregunta]) VALUES (17, N'GAUDÍ', 0, 6)
INSERT [dbo].[Respuesta] ([idRespuesta], [descripcion], [esCorrecta], [idPregunta]) VALUES (18, N'JUAN GRIS', 0, 6)
INSERT [dbo].[Respuesta] ([idRespuesta], [descripcion], [esCorrecta], [idPregunta]) VALUES (19, N'STEPHEN KING', 0, 7)
INSERT [dbo].[Respuesta] ([idRespuesta], [descripcion], [esCorrecta], [idPregunta]) VALUES (20, N'RAY BRADBURY', 0, 7)
INSERT [dbo].[Respuesta] ([idRespuesta], [descripcion], [esCorrecta], [idPregunta]) VALUES (21, N'STEVEN SPIELBERG', 1, 7)
INSERT [dbo].[Respuesta] ([idRespuesta], [descripcion], [esCorrecta], [idPregunta]) VALUES (22, N'CANADIENSE', 0, 8)
INSERT [dbo].[Respuesta] ([idRespuesta], [descripcion], [esCorrecta], [idPregunta]) VALUES (23, N'FRANCES', 1, 8)
INSERT [dbo].[Respuesta] ([idRespuesta], [descripcion], [esCorrecta], [idPregunta]) VALUES (24, N'INGLÉS', 0, 8)
INSERT [dbo].[Respuesta] ([idRespuesta], [descripcion], [esCorrecta], [idPregunta]) VALUES (25, N'EN ALEMAN', 1, 9)
INSERT [dbo].[Respuesta] ([idRespuesta], [descripcion], [esCorrecta], [idPregunta]) VALUES (26, N'EN INGLÉS', 0, 9)
INSERT [dbo].[Respuesta] ([idRespuesta], [descripcion], [esCorrecta], [idPregunta]) VALUES (27, N'EN FRANCÉS', 0, 9)
INSERT [dbo].[Respuesta] ([idRespuesta], [descripcion], [esCorrecta], [idPregunta]) VALUES (28, N'RABINDRANATH TAGORE', 0, 10)
INSERT [dbo].[Respuesta] ([idRespuesta], [descripcion], [esCorrecta], [idPregunta]) VALUES (29, N'MILANKUNDERA', 0, 10)
INSERT [dbo].[Respuesta] ([idRespuesta], [descripcion], [esCorrecta], [idPregunta]) VALUES (30, N'SALMAN RUSHDIE', 1, 10)
INSERT [dbo].[Respuesta] ([idRespuesta], [descripcion], [esCorrecta], [idPregunta]) VALUES (31, N'PACO DE LUCIA', 1, 11)
INSERT [dbo].[Respuesta] ([idRespuesta], [descripcion], [esCorrecta], [idPregunta]) VALUES (32, N'TOMATITO', 0, 11)
INSERT [dbo].[Respuesta] ([idRespuesta], [descripcion], [esCorrecta], [idPregunta]) VALUES (33, N'RAIMUNDO AMADOR', 0, 11)
INSERT [dbo].[Respuesta] ([idRespuesta], [descripcion], [esCorrecta], [idPregunta]) VALUES (34, N'DEL FRIO', 1, 12)
INSERT [dbo].[Respuesta] ([idRespuesta], [descripcion], [esCorrecta], [idPregunta]) VALUES (35, N'DE LA NOCHE', 0, 12)
INSERT [dbo].[Respuesta] ([idRespuesta], [descripcion], [esCorrecta], [idPregunta]) VALUES (36, N'DEL VERANO', 0, 12)
INSERT [dbo].[Respuesta] ([idRespuesta], [descripcion], [esCorrecta], [idPregunta]) VALUES (37, N'EL PIANO', 0, 13)
INSERT [dbo].[Respuesta] ([idRespuesta], [descripcion], [esCorrecta], [idPregunta]) VALUES (38, N'EL SAXO', 1, 13)
INSERT [dbo].[Respuesta] ([idRespuesta], [descripcion], [esCorrecta], [idPregunta]) VALUES (39, N'LA BATERIA', 0, 13)
INSERT [dbo].[Respuesta] ([idRespuesta], [descripcion], [esCorrecta], [idPregunta]) VALUES (40, N'LA PINTURA', 1, 14)
INSERT [dbo].[Respuesta] ([idRespuesta], [descripcion], [esCorrecta], [idPregunta]) VALUES (41, N'LA MUSICA', 0, 14)
INSERT [dbo].[Respuesta] ([idRespuesta], [descripcion], [esCorrecta], [idPregunta]) VALUES (42, N'LA ACTUACIÓN', 0, 14)
INSERT [dbo].[Respuesta] ([idRespuesta], [descripcion], [esCorrecta], [idPregunta]) VALUES (43, N'VASCA', 0, 15)
INSERT [dbo].[Respuesta] ([idRespuesta], [descripcion], [esCorrecta], [idPregunta]) VALUES (44, N'GALLEGA', 0, 15)
INSERT [dbo].[Respuesta] ([idRespuesta], [descripcion], [esCorrecta], [idPregunta]) VALUES (45, N'CATALANA', 1, 15)
INSERT [dbo].[Respuesta] ([idRespuesta], [descripcion], [esCorrecta], [idPregunta]) VALUES (46, N'JORGE CAFRUNE', 0, 16)
INSERT [dbo].[Respuesta] ([idRespuesta], [descripcion], [esCorrecta], [idPregunta]) VALUES (47, N'JAIME DÁVALOS', 0, 16)
INSERT [dbo].[Respuesta] ([idRespuesta], [descripcion], [esCorrecta], [idPregunta]) VALUES (48, N'ATAHUALPA YUPANQUI', 1, 16)
INSERT [dbo].[Respuesta] ([idRespuesta], [descripcion], [esCorrecta], [idPregunta]) VALUES (49, N'PACO DE LUCÍA', 0, 17)
INSERT [dbo].[Respuesta] ([idRespuesta], [descripcion], [esCorrecta], [idPregunta]) VALUES (50, N'B. B. KING', 1, 17)
INSERT [dbo].[Respuesta] ([idRespuesta], [descripcion], [esCorrecta], [idPregunta]) VALUES (51, N'ERIC CLAPTON', 0, 17)
INSERT [dbo].[Respuesta] ([idRespuesta], [descripcion], [esCorrecta], [idPregunta]) VALUES (52, N'SALVADOR DALI', 1, 18)
INSERT [dbo].[Respuesta] ([idRespuesta], [descripcion], [esCorrecta], [idPregunta]) VALUES (53, N'LEONARDO DA VINCI', 0, 18)
INSERT [dbo].[Respuesta] ([idRespuesta], [descripcion], [esCorrecta], [idPregunta]) VALUES (54, N'VINCENT VAN GOGH', 0, 18)
INSERT [dbo].[Respuesta] ([idRespuesta], [descripcion], [esCorrecta], [idPregunta]) VALUES (55, N'MOCUBOS', 0, 19)
INSERT [dbo].[Respuesta] ([idRespuesta], [descripcion], [esCorrecta], [idPregunta]) VALUES (56, N'SUCUBOS', 1, 19)
INSERT [dbo].[Respuesta] ([idRespuesta], [descripcion], [esCorrecta], [idPregunta]) VALUES (57, N'RECUBOS', 0, 19)
INSERT [dbo].[Respuesta] ([idRespuesta], [descripcion], [esCorrecta], [idPregunta]) VALUES (58, N'DE VIENTO', 0, 20)
INSERT [dbo].[Respuesta] ([idRespuesta], [descripcion], [esCorrecta], [idPregunta]) VALUES (59, N'DE CUERDAS', 1, 20)
INSERT [dbo].[Respuesta] ([idRespuesta], [descripcion], [esCorrecta], [idPregunta]) VALUES (60, N'DE PERCUSION', 0, 20)
INSERT [dbo].[Respuesta] ([idRespuesta], [descripcion], [esCorrecta], [idPregunta]) VALUES (61, N'HACIA LA DERECHA ', 0, 21)
INSERT [dbo].[Respuesta] ([idRespuesta], [descripcion], [esCorrecta], [idPregunta]) VALUES (62, N'HACIA LA IZQUIERDA', 1, 21)
INSERT [dbo].[Respuesta] ([idRespuesta], [descripcion], [esCorrecta], [idPregunta]) VALUES (63, N'-', 0, 21)
INSERT [dbo].[Respuesta] ([idRespuesta], [descripcion], [esCorrecta], [idPregunta]) VALUES (64, N'EL NIVEL', 0, 22)
INSERT [dbo].[Respuesta] ([idRespuesta], [descripcion], [esCorrecta], [idPregunta]) VALUES (65, N'EL BIDET', 0, 22)
INSERT [dbo].[Respuesta] ([idRespuesta], [descripcion], [esCorrecta], [idPregunta]) VALUES (66, N'EL PIANO', 1, 22)
INSERT [dbo].[Respuesta] ([idRespuesta], [descripcion], [esCorrecta], [idPregunta]) VALUES (67, N'EL TROMEN', 0, 23)
INSERT [dbo].[Respuesta] ([idRespuesta], [descripcion], [esCorrecta], [idPregunta]) VALUES (68, N'EL LANIN', 1, 23)
INSERT [dbo].[Respuesta] ([idRespuesta], [descripcion], [esCorrecta], [idPregunta]) VALUES (69, N'EL DOMUYO', 0, 23)
INSERT [dbo].[Respuesta] ([idRespuesta], [descripcion], [esCorrecta], [idPregunta]) VALUES (70, N'HELLMANN´S', 0, 24)
INSERT [dbo].[Respuesta] ([idRespuesta], [descripcion], [esCorrecta], [idPregunta]) VALUES (71, N'HEINZ', 1, 24)
INSERT [dbo].[Respuesta] ([idRespuesta], [descripcion], [esCorrecta], [idPregunta]) VALUES (72, N'NEWMAN´S', 0, 24)
INSERT [dbo].[Respuesta] ([idRespuesta], [descripcion], [esCorrecta], [idPregunta]) VALUES (73, N'SI', 1, 25)
INSERT [dbo].[Respuesta] ([idRespuesta], [descripcion], [esCorrecta], [idPregunta]) VALUES (74, N'NO', 0, 25)
INSERT [dbo].[Respuesta] ([idRespuesta], [descripcion], [esCorrecta], [idPregunta]) VALUES (75, N'-', 0, 25)
INSERT [dbo].[Respuesta] ([idRespuesta], [descripcion], [esCorrecta], [idPregunta]) VALUES (76, N'SI', 1, 26)
INSERT [dbo].[Respuesta] ([idRespuesta], [descripcion], [esCorrecta], [idPregunta]) VALUES (77, N'NO', 0, 26)
INSERT [dbo].[Respuesta] ([idRespuesta], [descripcion], [esCorrecta], [idPregunta]) VALUES (78, N'-', 0, 26)
INSERT [dbo].[Respuesta] ([idRespuesta], [descripcion], [esCorrecta], [idPregunta]) VALUES (79, N'DE JORGE LUIS BORGES', 1, 27)
INSERT [dbo].[Respuesta] ([idRespuesta], [descripcion], [esCorrecta], [idPregunta]) VALUES (80, N'DE JULIO CORTÁZAR', 0, 27)
INSERT [dbo].[Respuesta] ([idRespuesta], [descripcion], [esCorrecta], [idPregunta]) VALUES (81, N'DE ASTOR PIAZZOLLA', 0, 27)
INSERT [dbo].[Respuesta] ([idRespuesta], [descripcion], [esCorrecta], [idPregunta]) VALUES (82, N'ROLLS ROYCE', 0, 28)
INSERT [dbo].[Respuesta] ([idRespuesta], [descripcion], [esCorrecta], [idPregunta]) VALUES (83, N'CADILLAC', 1, 28)
INSERT [dbo].[Respuesta] ([idRespuesta], [descripcion], [esCorrecta], [idPregunta]) VALUES (84, N'CHEVROLET', 0, 28)
INSERT [dbo].[Respuesta] ([idRespuesta], [descripcion], [esCorrecta], [idPregunta]) VALUES (85, N'LINDA EASTMAN', 1, 29)
INSERT [dbo].[Respuesta] ([idRespuesta], [descripcion], [esCorrecta], [idPregunta]) VALUES (86, N'LINDA WESTMAN', 0, 29)
INSERT [dbo].[Respuesta] ([idRespuesta], [descripcion], [esCorrecta], [idPregunta]) VALUES (87, N'LINDA NORTHMAN', 0, 29)
INSERT [dbo].[Respuesta] ([idRespuesta], [descripcion], [esCorrecta], [idPregunta]) VALUES (88, N'MOTOS', 1, 30)
INSERT [dbo].[Respuesta] ([idRespuesta], [descripcion], [esCorrecta], [idPregunta]) VALUES (89, N'CORBATAS', 0, 30)
INSERT [dbo].[Respuesta] ([idRespuesta], [descripcion], [esCorrecta], [idPregunta]) VALUES (90, N'LAPICERAS', 0, 30)
INSERT [dbo].[Respuesta] ([idRespuesta], [descripcion], [esCorrecta], [idPregunta]) VALUES (91, N'DEL ARABE', 0, 31)
INSERT [dbo].[Respuesta] ([idRespuesta], [descripcion], [esCorrecta], [idPregunta]) VALUES (92, N'DEL GRIEGO', 1, 31)
INSERT [dbo].[Respuesta] ([idRespuesta], [descripcion], [esCorrecta], [idPregunta]) VALUES (93, N'DEL RUSO', 0, 31)
INSERT [dbo].[Respuesta] ([idRespuesta], [descripcion], [esCorrecta], [idPregunta]) VALUES (94, N'CIEN', 1, 32)
INSERT [dbo].[Respuesta] ([idRespuesta], [descripcion], [esCorrecta], [idPregunta]) VALUES (95, N'DIEZ', 0, 32)
INSERT [dbo].[Respuesta] ([idRespuesta], [descripcion], [esCorrecta], [idPregunta]) VALUES (96, N'MIL', 0, 32)
INSERT [dbo].[Respuesta] ([idRespuesta], [descripcion], [esCorrecta], [idPregunta]) VALUES (97, N'LAS VACAS NO HABLAN', 0, 33)
INSERT [dbo].[Respuesta] ([idRespuesta], [descripcion], [esCorrecta], [idPregunta]) VALUES (98, N'HECHOS, NO PALABRAS', 1, 33)
INSERT [dbo].[Respuesta] ([idRespuesta], [descripcion], [esCorrecta], [idPregunta]) VALUES (99, N'VACAS SIN HIERBA', 0, 33)
GO
INSERT [dbo].[Respuesta] ([idRespuesta], [descripcion], [esCorrecta], [idPregunta]) VALUES (100, N'SI', 1, 34)
INSERT [dbo].[Respuesta] ([idRespuesta], [descripcion], [esCorrecta], [idPregunta]) VALUES (101, N'NO', 0, 34)
INSERT [dbo].[Respuesta] ([idRespuesta], [descripcion], [esCorrecta], [idPregunta]) VALUES (102, N'-', 0, 34)
INSERT [dbo].[Respuesta] ([idRespuesta], [descripcion], [esCorrecta], [idPregunta]) VALUES (103, N'DE VODKA', 1, 35)
INSERT [dbo].[Respuesta] ([idRespuesta], [descripcion], [esCorrecta], [idPregunta]) VALUES (104, N'DE RON', 0, 35)
INSERT [dbo].[Respuesta] ([idRespuesta], [descripcion], [esCorrecta], [idPregunta]) VALUES (105, N'DE CERVEZA', 0, 35)
INSERT [dbo].[Respuesta] ([idRespuesta], [descripcion], [esCorrecta], [idPregunta]) VALUES (106, N'UNA', 0, 36)
INSERT [dbo].[Respuesta] ([idRespuesta], [descripcion], [esCorrecta], [idPregunta]) VALUES (107, N'DOS', 1, 36)
INSERT [dbo].[Respuesta] ([idRespuesta], [descripcion], [esCorrecta], [idPregunta]) VALUES (108, N'-', 0, 36)
INSERT [dbo].[Respuesta] ([idRespuesta], [descripcion], [esCorrecta], [idPregunta]) VALUES (109, N'DE FRANCIA', 1, 37)
INSERT [dbo].[Respuesta] ([idRespuesta], [descripcion], [esCorrecta], [idPregunta]) VALUES (110, N'DE ALMANIA', 0, 37)
INSERT [dbo].[Respuesta] ([idRespuesta], [descripcion], [esCorrecta], [idPregunta]) VALUES (111, N'DE ITALIA', 0, 37)
INSERT [dbo].[Respuesta] ([idRespuesta], [descripcion], [esCorrecta], [idPregunta]) VALUES (112, N'AL CRISANTEMO', 0, 38)
INSERT [dbo].[Respuesta] ([idRespuesta], [descripcion], [esCorrecta], [idPregunta]) VALUES (113, N'A LA SILICE CONQ UE HACEN MICROCHIPS', 0, 38)
INSERT [dbo].[Respuesta] ([idRespuesta], [descripcion], [esCorrecta], [idPregunta]) VALUES (114, N'A LA SOJA', 1, 38)
INSERT [dbo].[Respuesta] ([idRespuesta], [descripcion], [esCorrecta], [idPregunta]) VALUES (115, N'MUY PULCRO', 1, 39)
INSERT [dbo].[Respuesta] ([idRespuesta], [descripcion], [esCorrecta], [idPregunta]) VALUES (116, N'MUY SUCIO', 0, 39)
INSERT [dbo].[Respuesta] ([idRespuesta], [descripcion], [esCorrecta], [idPregunta]) VALUES (117, N'-', 0, 39)
INSERT [dbo].[Respuesta] ([idRespuesta], [descripcion], [esCorrecta], [idPregunta]) VALUES (118, N'UN ARMA', 0, 40)
INSERT [dbo].[Respuesta] ([idRespuesta], [descripcion], [esCorrecta], [idPregunta]) VALUES (119, N'UN AVION', 0, 40)
INSERT [dbo].[Respuesta] ([idRespuesta], [descripcion], [esCorrecta], [idPregunta]) VALUES (120, N'UN SERVICIO DE INTELIGENCIA', 1, 40)
INSERT [dbo].[Respuesta] ([idRespuesta], [descripcion], [esCorrecta], [idPregunta]) VALUES (121, N'SI', 1, 41)
INSERT [dbo].[Respuesta] ([idRespuesta], [descripcion], [esCorrecta], [idPregunta]) VALUES (122, N'NO', 0, 41)
INSERT [dbo].[Respuesta] ([idRespuesta], [descripcion], [esCorrecta], [idPregunta]) VALUES (123, N'-', 0, 41)
INSERT [dbo].[Respuesta] ([idRespuesta], [descripcion], [esCorrecta], [idPregunta]) VALUES (124, N'LA COMADRE', 0, 42)
INSERT [dbo].[Respuesta] ([idRespuesta], [descripcion], [esCorrecta], [idPregunta]) VALUES (125, N'LA ABUELA', 1, 42)
INSERT [dbo].[Respuesta] ([idRespuesta], [descripcion], [esCorrecta], [idPregunta]) VALUES (126, N'LA HIJA', 0, 42)
INSERT [dbo].[Respuesta] ([idRespuesta], [descripcion], [esCorrecta], [idPregunta]) VALUES (127, N'AL OTOÑO', 0, 43)
INSERT [dbo].[Respuesta] ([idRespuesta], [descripcion], [esCorrecta], [idPregunta]) VALUES (128, N'AL VERANO', 0, 43)
INSERT [dbo].[Respuesta] ([idRespuesta], [descripcion], [esCorrecta], [idPregunta]) VALUES (129, N'A LA PRIMAVERA', 1, 43)
INSERT [dbo].[Respuesta] ([idRespuesta], [descripcion], [esCorrecta], [idPregunta]) VALUES (130, N'EL DIA DE LOS INOCENTES', 1, 44)
INSERT [dbo].[Respuesta] ([idRespuesta], [descripcion], [esCorrecta], [idPregunta]) VALUES (131, N'EL DIA DEL PROYECTOR', 0, 44)
INSERT [dbo].[Respuesta] ([idRespuesta], [descripcion], [esCorrecta], [idPregunta]) VALUES (132, N'EL DIA DEL CINE', 0, 44)
INSERT [dbo].[Respuesta] ([idRespuesta], [descripcion], [esCorrecta], [idPregunta]) VALUES (133, N'EL CONDOR DE LOS ANDES', 0, 45)
INSERT [dbo].[Respuesta] ([idRespuesta], [descripcion], [esCorrecta], [idPregunta]) VALUES (134, N'LA AVUTARDA AFRICANA', 1, 45)
INSERT [dbo].[Respuesta] ([idRespuesta], [descripcion], [esCorrecta], [idPregunta]) VALUES (135, N'EL GUACAMAYO', 0, 45)
INSERT [dbo].[Respuesta] ([idRespuesta], [descripcion], [esCorrecta], [idPregunta]) VALUES (136, N'LA ESTRATOSFERA ES PARTE DE LA ATMOSFERA', 1, 46)
INSERT [dbo].[Respuesta] ([idRespuesta], [descripcion], [esCorrecta], [idPregunta]) VALUES (137, N'LA ATMOSFERA ES PARTE DE LA ESTRATOSFERA', 0, 46)
INSERT [dbo].[Respuesta] ([idRespuesta], [descripcion], [esCorrecta], [idPregunta]) VALUES (138, N'-', 0, 46)
INSERT [dbo].[Respuesta] ([idRespuesta], [descripcion], [esCorrecta], [idPregunta]) VALUES (139, N'UN BARCO', 0, 47)
INSERT [dbo].[Respuesta] ([idRespuesta], [descripcion], [esCorrecta], [idPregunta]) VALUES (140, N'UN PIANO', 1, 47)
INSERT [dbo].[Respuesta] ([idRespuesta], [descripcion], [esCorrecta], [idPregunta]) VALUES (141, N'UN CARTING', 0, 47)
INSERT [dbo].[Respuesta] ([idRespuesta], [descripcion], [esCorrecta], [idPregunta]) VALUES (142, N'EL CRISTO COCORVADO', 0, 48)
INSERT [dbo].[Respuesta] ([idRespuesta], [descripcion], [esCorrecta], [idPregunta]) VALUES (143, N'LA ESTATUA DE LA LIBERTAD', 1, 48)
INSERT [dbo].[Respuesta] ([idRespuesta], [descripcion], [esCorrecta], [idPregunta]) VALUES (144, N'-', 0, 48)
INSERT [dbo].[Respuesta] ([idRespuesta], [descripcion], [esCorrecta], [idPregunta]) VALUES (145, N'EL LOCATARIO', 1, 49)
INSERT [dbo].[Respuesta] ([idRespuesta], [descripcion], [esCorrecta], [idPregunta]) VALUES (146, N'EL LOCADOR', 0, 49)
INSERT [dbo].[Respuesta] ([idRespuesta], [descripcion], [esCorrecta], [idPregunta]) VALUES (147, N'-', 0, 49)
INSERT [dbo].[Respuesta] ([idRespuesta], [descripcion], [esCorrecta], [idPregunta]) VALUES (148, N'PARA AGUJEREAR CUEROS', 0, 50)
INSERT [dbo].[Respuesta] ([idRespuesta], [descripcion], [esCorrecta], [idPregunta]) VALUES (149, N'PARA CEPILLAR VACAS Y CABALLOS', 0, 50)
INSERT [dbo].[Respuesta] ([idRespuesta], [descripcion], [esCorrecta], [idPregunta]) VALUES (150, N'PARA CEPILLAR MADERAS', 1, 50)
INSERT [dbo].[Respuesta] ([idRespuesta], [descripcion], [esCorrecta], [idPregunta]) VALUES (151, N'TAMBIEN', 1, 51)
INSERT [dbo].[Respuesta] ([idRespuesta], [descripcion], [esCorrecta], [idPregunta]) VALUES (152, N'NO', 0, 51)
INSERT [dbo].[Respuesta] ([idRespuesta], [descripcion], [esCorrecta], [idPregunta]) VALUES (153, N'-', 0, 51)
INSERT [dbo].[Respuesta] ([idRespuesta], [descripcion], [esCorrecta], [idPregunta]) VALUES (154, N'MENTA', 0, 52)
INSERT [dbo].[Respuesta] ([idRespuesta], [descripcion], [esCorrecta], [idPregunta]) VALUES (155, N'CHALAS', 1, 52)
INSERT [dbo].[Respuesta] ([idRespuesta], [descripcion], [esCorrecta], [idPregunta]) VALUES (156, N'EUCALIPTO', 0, 52)
INSERT [dbo].[Respuesta] ([idRespuesta], [descripcion], [esCorrecta], [idPregunta]) VALUES (157, N'MENOS', 1, 53)
INSERT [dbo].[Respuesta] ([idRespuesta], [descripcion], [esCorrecta], [idPregunta]) VALUES (158, N'MAS', 0, 53)
INSERT [dbo].[Respuesta] ([idRespuesta], [descripcion], [esCorrecta], [idPregunta]) VALUES (159, N'-', 0, 53)
INSERT [dbo].[Respuesta] ([idRespuesta], [descripcion], [esCorrecta], [idPregunta]) VALUES (160, N'LA BIBLIA', 0, 54)
INSERT [dbo].[Respuesta] ([idRespuesta], [descripcion], [esCorrecta], [idPregunta]) VALUES (161, N'EL MARTIN FIERRO', 0, 54)
INSERT [dbo].[Respuesta] ([idRespuesta], [descripcion], [esCorrecta], [idPregunta]) VALUES (162, N'EL LIBRO DE DOÑA PETRONA', 1, 54)
INSERT [dbo].[Respuesta] ([idRespuesta], [descripcion], [esCorrecta], [idPregunta]) VALUES (163, N'GOD SAVE AMERICA', 0, 55)
INSERT [dbo].[Respuesta] ([idRespuesta], [descripcion], [esCorrecta], [idPregunta]) VALUES (164, N'IN GOD WE TRUST', 1, 55)
INSERT [dbo].[Respuesta] ([idRespuesta], [descripcion], [esCorrecta], [idPregunta]) VALUES (165, N'TIME IS MONEY', 0, 55)
INSERT [dbo].[Respuesta] ([idRespuesta], [descripcion], [esCorrecta], [idPregunta]) VALUES (166, N'ES AL REVES', 1, 56)
INSERT [dbo].[Respuesta] ([idRespuesta], [descripcion], [esCorrecta], [idPregunta]) VALUES (167, N'ES ASI', 0, 56)
INSERT [dbo].[Respuesta] ([idRespuesta], [descripcion], [esCorrecta], [idPregunta]) VALUES (168, N'-', 0, 56)
INSERT [dbo].[Respuesta] ([idRespuesta], [descripcion], [esCorrecta], [idPregunta]) VALUES (169, N'A LA PSICOLOGIA', 0, 57)
INSERT [dbo].[Respuesta] ([idRespuesta], [descripcion], [esCorrecta], [idPregunta]) VALUES (170, N'A LA GRAFOLOGIA', 1, 57)
INSERT [dbo].[Respuesta] ([idRespuesta], [descripcion], [esCorrecta], [idPregunta]) VALUES (171, N'A LA CALIGRAFIA', 0, 57)
INSERT [dbo].[Respuesta] ([idRespuesta], [descripcion], [esCorrecta], [idPregunta]) VALUES (172, N'LA DE YALE', 0, 58)
INSERT [dbo].[Respuesta] ([idRespuesta], [descripcion], [esCorrecta], [idPregunta]) VALUES (173, N'LA DE CAMBRIDGE', 0, 58)
INSERT [dbo].[Respuesta] ([idRespuesta], [descripcion], [esCorrecta], [idPregunta]) VALUES (174, N'LA DE HARVARD', 1, 58)
INSERT [dbo].[Respuesta] ([idRespuesta], [descripcion], [esCorrecta], [idPregunta]) VALUES (175, N'DIEZ', 0, 59)
INSERT [dbo].[Respuesta] ([idRespuesta], [descripcion], [esCorrecta], [idPregunta]) VALUES (176, N'QUINIENTOS', 0, 59)
INSERT [dbo].[Respuesta] ([idRespuesta], [descripcion], [esCorrecta], [idPregunta]) VALUES (177, N'MIL', 1, 59)
INSERT [dbo].[Respuesta] ([idRespuesta], [descripcion], [esCorrecta], [idPregunta]) VALUES (178, N'AL QUE ACABA DE LLEGAR', 0, 60)
INSERT [dbo].[Respuesta] ([idRespuesta], [descripcion], [esCorrecta], [idPregunta]) VALUES (179, N'AL QUE SE ESTA POR IR', 1, 60)
INSERT [dbo].[Respuesta] ([idRespuesta], [descripcion], [esCorrecta], [idPregunta]) VALUES (180, N'-', 0, 60)
INSERT [dbo].[Respuesta] ([idRespuesta], [descripcion], [esCorrecta], [idPregunta]) VALUES (181, N'UN PEINE', 1, 61)
INSERT [dbo].[Respuesta] ([idRespuesta], [descripcion], [esCorrecta], [idPregunta]) VALUES (182, N'UN RASTRILLO', 0, 61)
INSERT [dbo].[Respuesta] ([idRespuesta], [descripcion], [esCorrecta], [idPregunta]) VALUES (183, N'UN TIBURON', 0, 61)
INSERT [dbo].[Respuesta] ([idRespuesta], [descripcion], [esCorrecta], [idPregunta]) VALUES (184, N'CUATRO', 0, 62)
INSERT [dbo].[Respuesta] ([idRespuesta], [descripcion], [esCorrecta], [idPregunta]) VALUES (185, N'DOS', 1, 62)
INSERT [dbo].[Respuesta] ([idRespuesta], [descripcion], [esCorrecta], [idPregunta]) VALUES (186, N'CINCO', 0, 62)
INSERT [dbo].[Respuesta] ([idRespuesta], [descripcion], [esCorrecta], [idPregunta]) VALUES (187, N'MAFALDA', 1, 63)
INSERT [dbo].[Respuesta] ([idRespuesta], [descripcion], [esCorrecta], [idPregunta]) VALUES (188, N'BOOGIE, EL ACEITOSO', 0, 63)
INSERT [dbo].[Respuesta] ([idRespuesta], [descripcion], [esCorrecta], [idPregunta]) VALUES (189, N'CLEMENTE', 0, 63)
INSERT [dbo].[Respuesta] ([idRespuesta], [descripcion], [esCorrecta], [idPregunta]) VALUES (190, N'CASTILLA', 0, 64)
INSERT [dbo].[Respuesta] ([idRespuesta], [descripcion], [esCorrecta], [idPregunta]) VALUES (191, N'CARRIZO', 1, 64)
INSERT [dbo].[Respuesta] ([idRespuesta], [descripcion], [esCorrecta], [idPregunta]) VALUES (192, N'CAMPBELL', 0, 64)
INSERT [dbo].[Respuesta] ([idRespuesta], [descripcion], [esCorrecta], [idPregunta]) VALUES (193, N'EL EURO', 1, 65)
INSERT [dbo].[Respuesta] ([idRespuesta], [descripcion], [esCorrecta], [idPregunta]) VALUES (194, N'EL DÓLAR', 0, 65)
INSERT [dbo].[Respuesta] ([idRespuesta], [descripcion], [esCorrecta], [idPregunta]) VALUES (195, N'EL MONAQUI', 0, 65)
INSERT [dbo].[Respuesta] ([idRespuesta], [descripcion], [esCorrecta], [idPregunta]) VALUES (196, N'WASHINGTON', 0, 66)
INSERT [dbo].[Respuesta] ([idRespuesta], [descripcion], [esCorrecta], [idPregunta]) VALUES (197, N'JEFFERSON', 0, 66)
INSERT [dbo].[Respuesta] ([idRespuesta], [descripcion], [esCorrecta], [idPregunta]) VALUES (198, N'FRANKLIN', 1, 66)
INSERT [dbo].[Respuesta] ([idRespuesta], [descripcion], [esCorrecta], [idPregunta]) VALUES (199, N'A LAS PIRMERAS SALAS DE CINE', 0, 67)
GO
INSERT [dbo].[Respuesta] ([idRespuesta], [descripcion], [esCorrecta], [idPregunta]) VALUES (200, N'A UNA GRAN TIENDA DE ROPA', 0, 67)
INSERT [dbo].[Respuesta] ([idRespuesta], [descripcion], [esCorrecta], [idPregunta]) VALUES (201, N'AL IRSE A DORMIR', 1, 67)
INSERT [dbo].[Respuesta] ([idRespuesta], [descripcion], [esCorrecta], [idPregunta]) VALUES (202, N'ES CORRECTO ESPAÑOL', 1, 68)
INSERT [dbo].[Respuesta] ([idRespuesta], [descripcion], [esCorrecta], [idPregunta]) VALUES (203, N'PROPIA DEL LUNFARDO', 0, 68)
INSERT [dbo].[Respuesta] ([idRespuesta], [descripcion], [esCorrecta], [idPregunta]) VALUES (204, N'-', 0, 68)
INSERT [dbo].[Respuesta] ([idRespuesta], [descripcion], [esCorrecta], [idPregunta]) VALUES (205, N'ES PRODUCTO', 0, 69)
INSERT [dbo].[Respuesta] ([idRespuesta], [descripcion], [esCorrecta], [idPregunta]) VALUES (206, N'ES MARCA', 1, 69)
INSERT [dbo].[Respuesta] ([idRespuesta], [descripcion], [esCorrecta], [idPregunta]) VALUES (207, N'-', 0, 69)
INSERT [dbo].[Respuesta] ([idRespuesta], [descripcion], [esCorrecta], [idPregunta]) VALUES (208, N'CATEDRALES', 0, 70)
INSERT [dbo].[Respuesta] ([idRespuesta], [descripcion], [esCorrecta], [idPregunta]) VALUES (209, N'CHIESE', 0, 70)
INSERT [dbo].[Respuesta] ([idRespuesta], [descripcion], [esCorrecta], [idPregunta]) VALUES (210, N'DUOMO', 1, 70)
INSERT [dbo].[Respuesta] ([idRespuesta], [descripcion], [esCorrecta], [idPregunta]) VALUES (211, N'LUIS XVI', 0, 71)
INSERT [dbo].[Respuesta] ([idRespuesta], [descripcion], [esCorrecta], [idPregunta]) VALUES (212, N'NABUCODONOSOR', 1, 71)
INSERT [dbo].[Respuesta] ([idRespuesta], [descripcion], [esCorrecta], [idPregunta]) VALUES (213, N'REY DE COPAS', 0, 71)
INSERT [dbo].[Respuesta] ([idRespuesta], [descripcion], [esCorrecta], [idPregunta]) VALUES (214, N'UN COCODRILO', 1, 72)
INSERT [dbo].[Respuesta] ([idRespuesta], [descripcion], [esCorrecta], [idPregunta]) VALUES (215, N'UN TIGRE', 0, 72)
INSERT [dbo].[Respuesta] ([idRespuesta], [descripcion], [esCorrecta], [idPregunta]) VALUES (216, N'UN TIBURON', 0, 72)
INSERT [dbo].[Respuesta] ([idRespuesta], [descripcion], [esCorrecta], [idPregunta]) VALUES (217, N'RUGBY', 0, 73)
INSERT [dbo].[Respuesta] ([idRespuesta], [descripcion], [esCorrecta], [idPregunta]) VALUES (218, N'FUTBOL AMERICANO', 1, 73)
INSERT [dbo].[Respuesta] ([idRespuesta], [descripcion], [esCorrecta], [idPregunta]) VALUES (219, N'BOXEO', 0, 73)
INSERT [dbo].[Respuesta] ([idRespuesta], [descripcion], [esCorrecta], [idPregunta]) VALUES (220, N'CABALLO', 0, 74)
INSERT [dbo].[Respuesta] ([idRespuesta], [descripcion], [esCorrecta], [idPregunta]) VALUES (221, N'TORRE', 0, 74)
INSERT [dbo].[Respuesta] ([idRespuesta], [descripcion], [esCorrecta], [idPregunta]) VALUES (222, N'PEON', 1, 74)
INSERT [dbo].[Respuesta] ([idRespuesta], [descripcion], [esCorrecta], [idPregunta]) VALUES (223, N'UN DELANTAL', 0, 75)
INSERT [dbo].[Respuesta] ([idRespuesta], [descripcion], [esCorrecta], [idPregunta]) VALUES (224, N'UN MIRIÑIQUE', 1, 75)
INSERT [dbo].[Respuesta] ([idRespuesta], [descripcion], [esCorrecta], [idPregunta]) VALUES (225, N'UN SOMBRERO', 0, 75)
INSERT [dbo].[Respuesta] ([idRespuesta], [descripcion], [esCorrecta], [idPregunta]) VALUES (226, N'EL ATLETICO DE MADRID', 1, 76)
INSERT [dbo].[Respuesta] ([idRespuesta], [descripcion], [esCorrecta], [idPregunta]) VALUES (227, N'EL REAL MADRID', 0, 76)
INSERT [dbo].[Respuesta] ([idRespuesta], [descripcion], [esCorrecta], [idPregunta]) VALUES (228, N'EL BARCELONA', 0, 76)
INSERT [dbo].[Respuesta] ([idRespuesta], [descripcion], [esCorrecta], [idPregunta]) VALUES (229, N'DEL VIDRIO', 0, 77)
INSERT [dbo].[Respuesta] ([idRespuesta], [descripcion], [esCorrecta], [idPregunta]) VALUES (230, N'DE LA ESPINACA', 1, 77)
INSERT [dbo].[Respuesta] ([idRespuesta], [descripcion], [esCorrecta], [idPregunta]) VALUES (231, N'DE LAS MEDIAS DE NYLON', 0, 77)
INSERT [dbo].[Respuesta] ([idRespuesta], [descripcion], [esCorrecta], [idPregunta]) VALUES (232, N'EL SUBTERRANEO', 0, 78)
INSERT [dbo].[Respuesta] ([idRespuesta], [descripcion], [esCorrecta], [idPregunta]) VALUES (233, N'EL TRANVIA ELECTRICO', 0, 78)
INSERT [dbo].[Respuesta] ([idRespuesta], [descripcion], [esCorrecta], [idPregunta]) VALUES (234, N'EL COLECTIVO', 1, 78)
INSERT [dbo].[Respuesta] ([idRespuesta], [descripcion], [esCorrecta], [idPregunta]) VALUES (235, N'THE POLICE', 1, 79)
INSERT [dbo].[Respuesta] ([idRespuesta], [descripcion], [esCorrecta], [idPregunta]) VALUES (236, N'SEX PISTOLS', 0, 79)
INSERT [dbo].[Respuesta] ([idRespuesta], [descripcion], [esCorrecta], [idPregunta]) VALUES (237, N'WHAM!', 0, 79)
INSERT [dbo].[Respuesta] ([idRespuesta], [descripcion], [esCorrecta], [idPregunta]) VALUES (238, N'RUSIA', 0, 80)
INSERT [dbo].[Respuesta] ([idRespuesta], [descripcion], [esCorrecta], [idPregunta]) VALUES (239, N'COREA', 1, 80)
INSERT [dbo].[Respuesta] ([idRespuesta], [descripcion], [esCorrecta], [idPregunta]) VALUES (240, N'ITALIA', 0, 80)
INSERT [dbo].[Respuesta] ([idRespuesta], [descripcion], [esCorrecta], [idPregunta]) VALUES (241, N'TAURO', 1, 81)
INSERT [dbo].[Respuesta] ([idRespuesta], [descripcion], [esCorrecta], [idPregunta]) VALUES (242, N'PISCIS', 0, 81)
INSERT [dbo].[Respuesta] ([idRespuesta], [descripcion], [esCorrecta], [idPregunta]) VALUES (243, N'LEO', 0, 81)
INSERT [dbo].[Respuesta] ([idRespuesta], [descripcion], [esCorrecta], [idPregunta]) VALUES (244, N'EL TALCO', 1, 82)
INSERT [dbo].[Respuesta] ([idRespuesta], [descripcion], [esCorrecta], [idPregunta]) VALUES (245, N'AZUFRE', 0, 82)
INSERT [dbo].[Respuesta] ([idRespuesta], [descripcion], [esCorrecta], [idPregunta]) VALUES (246, N'MAGNESIO', 0, 82)
INSERT [dbo].[Respuesta] ([idRespuesta], [descripcion], [esCorrecta], [idPregunta]) VALUES (247, N'CHINA', 1, 83)
INSERT [dbo].[Respuesta] ([idRespuesta], [descripcion], [esCorrecta], [idPregunta]) VALUES (248, N'ARGENTINA', 0, 83)
INSERT [dbo].[Respuesta] ([idRespuesta], [descripcion], [esCorrecta], [idPregunta]) VALUES (249, N'BRASIL', 0, 83)
INSERT [dbo].[Respuesta] ([idRespuesta], [descripcion], [esCorrecta], [idPregunta]) VALUES (250, N'A LOS EXTRANJEROS', 1, 84)
INSERT [dbo].[Respuesta] ([idRespuesta], [descripcion], [esCorrecta], [idPregunta]) VALUES (251, N'A LOS GATOS', 0, 84)
INSERT [dbo].[Respuesta] ([idRespuesta], [descripcion], [esCorrecta], [idPregunta]) VALUES (252, N'A LAS ALTURAS', 0, 84)
INSERT [dbo].[Respuesta] ([idRespuesta], [descripcion], [esCorrecta], [idPregunta]) VALUES (253, N'ANIMALES FANTÁSTICOS', 0, 85)
INSERT [dbo].[Respuesta] ([idRespuesta], [descripcion], [esCorrecta], [idPregunta]) VALUES (254, N'ANIMALES CARNÍVOROS', 0, 85)
INSERT [dbo].[Respuesta] ([idRespuesta], [descripcion], [esCorrecta], [idPregunta]) VALUES (255, N'ANIMALES DEL HOROSCOPO CHINO', 1, 85)
INSERT [dbo].[Respuesta] ([idRespuesta], [descripcion], [esCorrecta], [idPregunta]) VALUES (256, N'EN CHINA', 0, 86)
INSERT [dbo].[Respuesta] ([idRespuesta], [descripcion], [esCorrecta], [idPregunta]) VALUES (257, N'EN ISLANDIA', 1, 86)
INSERT [dbo].[Respuesta] ([idRespuesta], [descripcion], [esCorrecta], [idPregunta]) VALUES (258, N'EN ARABIA SAUDITA', 0, 86)
INSERT [dbo].[Respuesta] ([idRespuesta], [descripcion], [esCorrecta], [idPregunta]) VALUES (259, N'DIEZ', 0, 87)
INSERT [dbo].[Respuesta] ([idRespuesta], [descripcion], [esCorrecta], [idPregunta]) VALUES (260, N'DOCE', 1, 87)
INSERT [dbo].[Respuesta] ([idRespuesta], [descripcion], [esCorrecta], [idPregunta]) VALUES (261, N'QUINCE', 0, 87)
INSERT [dbo].[Respuesta] ([idRespuesta], [descripcion], [esCorrecta], [idPregunta]) VALUES (262, N'HITLER', 0, 88)
INSERT [dbo].[Respuesta] ([idRespuesta], [descripcion], [esCorrecta], [idPregunta]) VALUES (263, N'FREUD', 0, 88)
INSERT [dbo].[Respuesta] ([idRespuesta], [descripcion], [esCorrecta], [idPregunta]) VALUES (264, N'STRAUSS', 1, 88)
INSERT [dbo].[Respuesta] ([idRespuesta], [descripcion], [esCorrecta], [idPregunta]) VALUES (265, N' LOS LAURELES', 1, 89)
INSERT [dbo].[Respuesta] ([idRespuesta], [descripcion], [esCorrecta], [idPregunta]) VALUES (266, N'LAS ROSAS', 0, 89)
INSERT [dbo].[Respuesta] ([idRespuesta], [descripcion], [esCorrecta], [idPregunta]) VALUES (267, N'LAS ESTRELLAS', 0, 89)
INSERT [dbo].[Respuesta] ([idRespuesta], [descripcion], [esCorrecta], [idPregunta]) VALUES (268, N'DE GROSELLAS Y MANGOS', 0, 90)
INSERT [dbo].[Respuesta] ([idRespuesta], [descripcion], [esCorrecta], [idPregunta]) VALUES (269, N'DE CHAMPIÑONES Y TOMATES', 1, 90)
INSERT [dbo].[Respuesta] ([idRespuesta], [descripcion], [esCorrecta], [idPregunta]) VALUES (270, N'DE TOMATES Y CAMARONES', 0, 90)
INSERT [dbo].[Respuesta] ([idRespuesta], [descripcion], [esCorrecta], [idPregunta]) VALUES (271, N'SANDÍA', 0, 91)
INSERT [dbo].[Respuesta] ([idRespuesta], [descripcion], [esCorrecta], [idPregunta]) VALUES (272, N'DAMASCO', 1, 91)
INSERT [dbo].[Respuesta] ([idRespuesta], [descripcion], [esCorrecta], [idPregunta]) VALUES (273, N'MELÓN', 0, 91)
INSERT [dbo].[Respuesta] ([idRespuesta], [descripcion], [esCorrecta], [idPregunta]) VALUES (274, N'DE "JUANCITO" EN HOLANDES', 1, 92)
INSERT [dbo].[Respuesta] ([idRespuesta], [descripcion], [esCorrecta], [idPregunta]) VALUES (275, N'DE "JUNCO" EN ALEMÁN', 0, 92)
INSERT [dbo].[Respuesta] ([idRespuesta], [descripcion], [esCorrecta], [idPregunta]) VALUES (276, N'DE "GRACIAS" EN SUECO', 0, 92)
INSERT [dbo].[Respuesta] ([idRespuesta], [descripcion], [esCorrecta], [idPregunta]) VALUES (277, N'GUITARRA', 1, 93)
INSERT [dbo].[Respuesta] ([idRespuesta], [descripcion], [esCorrecta], [idPregunta]) VALUES (278, N'VIOLÍN', 0, 93)
INSERT [dbo].[Respuesta] ([idRespuesta], [descripcion], [esCorrecta], [idPregunta]) VALUES (279, N'ORGANO', 0, 93)
INSERT [dbo].[Respuesta] ([idRespuesta], [descripcion], [esCorrecta], [idPregunta]) VALUES (280, N'ÁRABE', 0, 94)
INSERT [dbo].[Respuesta] ([idRespuesta], [descripcion], [esCorrecta], [idPregunta]) VALUES (281, N'ITALIANO', 1, 94)
INSERT [dbo].[Respuesta] ([idRespuesta], [descripcion], [esCorrecta], [idPregunta]) VALUES (282, N'QUECHUA', 0, 94)
INSERT [dbo].[Respuesta] ([idRespuesta], [descripcion], [esCorrecta], [idPregunta]) VALUES (283, N'ALFEÑIQUES', 1, 95)
INSERT [dbo].[Respuesta] ([idRespuesta], [descripcion], [esCorrecta], [idPregunta]) VALUES (284, N'MALHECHOS', 0, 95)
INSERT [dbo].[Respuesta] ([idRespuesta], [descripcion], [esCorrecta], [idPregunta]) VALUES (285, N'NUDILLOS', 0, 95)
INSERT [dbo].[Respuesta] ([idRespuesta], [descripcion], [esCorrecta], [idPregunta]) VALUES (286, N'VEINTICINCO', 0, 96)
INSERT [dbo].[Respuesta] ([idRespuesta], [descripcion], [esCorrecta], [idPregunta]) VALUES (287, N'VEINTE', 1, 96)
INSERT [dbo].[Respuesta] ([idRespuesta], [descripcion], [esCorrecta], [idPregunta]) VALUES (288, N'VEINTIUNO', 0, 96)
INSERT [dbo].[Respuesta] ([idRespuesta], [descripcion], [esCorrecta], [idPregunta]) VALUES (289, N'DE MAÍZ', 0, 97)
INSERT [dbo].[Respuesta] ([idRespuesta], [descripcion], [esCorrecta], [idPregunta]) VALUES (290, N'DE GARBANZOS', 0, 97)
INSERT [dbo].[Respuesta] ([idRespuesta], [descripcion], [esCorrecta], [idPregunta]) VALUES (291, N'DE MANDIOCA', 1, 97)
INSERT [dbo].[Respuesta] ([idRespuesta], [descripcion], [esCorrecta], [idPregunta]) VALUES (292, N'EL VINO', 0, 98)
INSERT [dbo].[Respuesta] ([idRespuesta], [descripcion], [esCorrecta], [idPregunta]) VALUES (293, N'LA CERVEZA', 0, 98)
INSERT [dbo].[Respuesta] ([idRespuesta], [descripcion], [esCorrecta], [idPregunta]) VALUES (294, N'EL CHOCOLATE', 1, 98)
INSERT [dbo].[Respuesta] ([idRespuesta], [descripcion], [esCorrecta], [idPregunta]) VALUES (295, N'TORTAS FRITAS', 1, 99)
INSERT [dbo].[Respuesta] ([idRespuesta], [descripcion], [esCorrecta], [idPregunta]) VALUES (296, N'ÑOQUIS', 0, 99)
INSERT [dbo].[Respuesta] ([idRespuesta], [descripcion], [esCorrecta], [idPregunta]) VALUES (297, N'ARROZ CON LECHE', 0, 99)
INSERT [dbo].[Respuesta] ([idRespuesta], [descripcion], [esCorrecta], [idPregunta]) VALUES (298, N'UN ÁNGEL', 0, 100)
INSERT [dbo].[Respuesta] ([idRespuesta], [descripcion], [esCorrecta], [idPregunta]) VALUES (299, N'BUDA', 1, 100)
GO
INSERT [dbo].[Respuesta] ([idRespuesta], [descripcion], [esCorrecta], [idPregunta]) VALUES (300, N'EL PUEBLO CHINO', 0, 100)
INSERT [dbo].[Respuesta] ([idRespuesta], [descripcion], [esCorrecta], [idPregunta]) VALUES (301, N'ISLA', 1, 101)
INSERT [dbo].[Respuesta] ([idRespuesta], [descripcion], [esCorrecta], [idPregunta]) VALUES (302, N'LAGO ', 0, 101)
INSERT [dbo].[Respuesta] ([idRespuesta], [descripcion], [esCorrecta], [idPregunta]) VALUES (303, N'NIEVE', 0, 101)
INSERT [dbo].[Respuesta] ([idRespuesta], [descripcion], [esCorrecta], [idPregunta]) VALUES (304, N'PEPINO Y AJO', 0, 102)
INSERT [dbo].[Respuesta] ([idRespuesta], [descripcion], [esCorrecta], [idPregunta]) VALUES (305, N'AJO Y PEREJIL', 1, 102)
INSERT [dbo].[Respuesta] ([idRespuesta], [descripcion], [esCorrecta], [idPregunta]) VALUES (306, N'TOMATE Y AJO', 0, 102)
INSERT [dbo].[Respuesta] ([idRespuesta], [descripcion], [esCorrecta], [idPregunta]) VALUES (307, N'MIL', 0, 103)
INSERT [dbo].[Respuesta] ([idRespuesta], [descripcion], [esCorrecta], [idPregunta]) VALUES (308, N'CUATROCIENTOS', 1, 103)
INSERT [dbo].[Respuesta] ([idRespuesta], [descripcion], [esCorrecta], [idPregunta]) VALUES (309, N'TRESCIENTOS', 0, 103)
INSERT [dbo].[Respuesta] ([idRespuesta], [descripcion], [esCorrecta], [idPregunta]) VALUES (310, N'DIÓGENES', 0, 104)
INSERT [dbo].[Respuesta] ([idRespuesta], [descripcion], [esCorrecta], [idPregunta]) VALUES (311, N'CHULETA', 0, 104)
INSERT [dbo].[Respuesta] ([idRespuesta], [descripcion], [esCorrecta], [idPregunta]) VALUES (312, N'MENDIETA', 1, 104)
INSERT [dbo].[Respuesta] ([idRespuesta], [descripcion], [esCorrecta], [idPregunta]) VALUES (313, N'VERDE', 0, 105)
INSERT [dbo].[Respuesta] ([idRespuesta], [descripcion], [esCorrecta], [idPregunta]) VALUES (314, N'AZUL', 1, 105)
INSERT [dbo].[Respuesta] ([idRespuesta], [descripcion], [esCorrecta], [idPregunta]) VALUES (315, N'VIOLETA', 0, 105)
INSERT [dbo].[Respuesta] ([idRespuesta], [descripcion], [esCorrecta], [idPregunta]) VALUES (316, N'A LOS TREINTA', 0, 106)
INSERT [dbo].[Respuesta] ([idRespuesta], [descripcion], [esCorrecta], [idPregunta]) VALUES (317, N'A LOS CUARENTA', 1, 106)
INSERT [dbo].[Respuesta] ([idRespuesta], [descripcion], [esCorrecta], [idPregunta]) VALUES (318, N'A LOS TREINTA Y CINCO', 0, 106)
INSERT [dbo].[Respuesta] ([idRespuesta], [descripcion], [esCorrecta], [idPregunta]) VALUES (319, N'EL MAR ROJO', 1, 107)
INSERT [dbo].[Respuesta] ([idRespuesta], [descripcion], [esCorrecta], [idPregunta]) VALUES (320, N'EL MAR CARIBE', 0, 107)
INSERT [dbo].[Respuesta] ([idRespuesta], [descripcion], [esCorrecta], [idPregunta]) VALUES (321, N'EL MAR MUERTO', 0, 107)
INSERT [dbo].[Respuesta] ([idRespuesta], [descripcion], [esCorrecta], [idPregunta]) VALUES (322, N'GÉMINIS', 0, 108)
INSERT [dbo].[Respuesta] ([idRespuesta], [descripcion], [esCorrecta], [idPregunta]) VALUES (323, N'CANCER', 1, 108)
INSERT [dbo].[Respuesta] ([idRespuesta], [descripcion], [esCorrecta], [idPregunta]) VALUES (324, N'PISCIS', 0, 108)
INSERT [dbo].[Respuesta] ([idRespuesta], [descripcion], [esCorrecta], [idPregunta]) VALUES (325, N'CLOTILDE', 0, 109)
INSERT [dbo].[Respuesta] ([idRespuesta], [descripcion], [esCorrecta], [idPregunta]) VALUES (326, N'TERESITA', 0, 109)
INSERT [dbo].[Respuesta] ([idRespuesta], [descripcion], [esCorrecta], [idPregunta]) VALUES (327, N'JUANITA', 1, 109)
INSERT [dbo].[Respuesta] ([idRespuesta], [descripcion], [esCorrecta], [idPregunta]) VALUES (328, N'DIEZ', 1, 110)
INSERT [dbo].[Respuesta] ([idRespuesta], [descripcion], [esCorrecta], [idPregunta]) VALUES (329, N'DOCE', 0, 110)
INSERT [dbo].[Respuesta] ([idRespuesta], [descripcion], [esCorrecta], [idPregunta]) VALUES (330, N'QUINCE', 0, 110)
INSERT [dbo].[Respuesta] ([idRespuesta], [descripcion], [esCorrecta], [idPregunta]) VALUES (331, N'LA CASA DE LOS MILAGROS', 0, 111)
INSERT [dbo].[Respuesta] ([idRespuesta], [descripcion], [esCorrecta], [idPregunta]) VALUES (332, N'LA CASA HISTORICA DE LA INDEPENDENCIA', 1, 111)
INSERT [dbo].[Respuesta] ([idRespuesta], [descripcion], [esCorrecta], [idPregunta]) VALUES (333, N'UN CASTILLO', 0, 111)
INSERT [dbo].[Respuesta] ([idRespuesta], [descripcion], [esCorrecta], [idPregunta]) VALUES (334, N'LIBROS OBSCENOS', 0, 112)
INSERT [dbo].[Respuesta] ([idRespuesta], [descripcion], [esCorrecta], [idPregunta]) VALUES (335, N'INCIENSO', 1, 112)
INSERT [dbo].[Respuesta] ([idRespuesta], [descripcion], [esCorrecta], [idPregunta]) VALUES (336, N'ACEITE', 0, 112)
INSERT [dbo].[Respuesta] ([idRespuesta], [descripcion], [esCorrecta], [idPregunta]) VALUES (337, N'EN EL SIGLO XVII', 0, 113)
INSERT [dbo].[Respuesta] ([idRespuesta], [descripcion], [esCorrecta], [idPregunta]) VALUES (338, N'EN EL SIGLO XIX', 0, 113)
INSERT [dbo].[Respuesta] ([idRespuesta], [descripcion], [esCorrecta], [idPregunta]) VALUES (339, N'EN EL SIGLO XX', 1, 113)
INSERT [dbo].[Respuesta] ([idRespuesta], [descripcion], [esCorrecta], [idPregunta]) VALUES (340, N'SIETE', 1, 114)
INSERT [dbo].[Respuesta] ([idRespuesta], [descripcion], [esCorrecta], [idPregunta]) VALUES (341, N'SEIS', 0, 114)
INSERT [dbo].[Respuesta] ([idRespuesta], [descripcion], [esCorrecta], [idPregunta]) VALUES (342, N'OCHO', 0, 114)
INSERT [dbo].[Respuesta] ([idRespuesta], [descripcion], [esCorrecta], [idPregunta]) VALUES (343, N'PANCHO VILLA', 1, 115)
INSERT [dbo].[Respuesta] ([idRespuesta], [descripcion], [esCorrecta], [idPregunta]) VALUES (344, N'EMILIANO ZAPATA', 0, 115)
INSERT [dbo].[Respuesta] ([idRespuesta], [descripcion], [esCorrecta], [idPregunta]) VALUES (345, N'CHE GUEVARA', 0, 115)
INSERT [dbo].[Respuesta] ([idRespuesta], [descripcion], [esCorrecta], [idPregunta]) VALUES (346, N'A AFRODITA', 0, 116)
INSERT [dbo].[Respuesta] ([idRespuesta], [descripcion], [esCorrecta], [idPregunta]) VALUES (347, N'A APOLO', 1, 116)
INSERT [dbo].[Respuesta] ([idRespuesta], [descripcion], [esCorrecta], [idPregunta]) VALUES (348, N'A JÚPITER', 0, 116)
INSERT [dbo].[Respuesta] ([idRespuesta], [descripcion], [esCorrecta], [idPregunta]) VALUES (349, N'EN ALEMANIA', 1, 117)
INSERT [dbo].[Respuesta] ([idRespuesta], [descripcion], [esCorrecta], [idPregunta]) VALUES (350, N'EN ESPAÑA', 0, 117)
INSERT [dbo].[Respuesta] ([idRespuesta], [descripcion], [esCorrecta], [idPregunta]) VALUES (351, N'EN FRANCIA', 0, 117)
INSERT [dbo].[Respuesta] ([idRespuesta], [descripcion], [esCorrecta], [idPregunta]) VALUES (352, N'MONTEVIDEO', 0, 118)
INSERT [dbo].[Respuesta] ([idRespuesta], [descripcion], [esCorrecta], [idPregunta]) VALUES (353, N'TACUAREMBO', 1, 118)
INSERT [dbo].[Respuesta] ([idRespuesta], [descripcion], [esCorrecta], [idPregunta]) VALUES (354, N'ROCHA', 0, 118)
INSERT [dbo].[Respuesta] ([idRespuesta], [descripcion], [esCorrecta], [idPregunta]) VALUES (355, N'UNA VELA', 0, 119)
INSERT [dbo].[Respuesta] ([idRespuesta], [descripcion], [esCorrecta], [idPregunta]) VALUES (356, N'UN "PANADERO"', 1, 119)
INSERT [dbo].[Respuesta] ([idRespuesta], [descripcion], [esCorrecta], [idPregunta]) VALUES (357, N'UNA ANTORCHA', 0, 119)
INSERT [dbo].[Respuesta] ([idRespuesta], [descripcion], [esCorrecta], [idPregunta]) VALUES (358, N'SANDRO', 0, 120)
INSERT [dbo].[Respuesta] ([idRespuesta], [descripcion], [esCorrecta], [idPregunta]) VALUES (359, N'GARDEL', 1, 120)
INSERT [dbo].[Respuesta] ([idRespuesta], [descripcion], [esCorrecta], [idPregunta]) VALUES (360, N'PAPPO', 0, 120)
INSERT [dbo].[Respuesta] ([idRespuesta], [descripcion], [esCorrecta], [idPregunta]) VALUES (361, N'MARADONA', 0, 121)
INSERT [dbo].[Respuesta] ([idRespuesta], [descripcion], [esCorrecta], [idPregunta]) VALUES (362, N'ALMAFUERTE', 1, 121)
INSERT [dbo].[Respuesta] ([idRespuesta], [descripcion], [esCorrecta], [idPregunta]) VALUES (363, N'SAN FRANCISCO DE ASÍS', 0, 121)
INSERT [dbo].[Respuesta] ([idRespuesta], [descripcion], [esCorrecta], [idPregunta]) VALUES (364, N'CASANOVA', 1, 122)
INSERT [dbo].[Respuesta] ([idRespuesta], [descripcion], [esCorrecta], [idPregunta]) VALUES (365, N'OTELO', 0, 122)
INSERT [dbo].[Respuesta] ([idRespuesta], [descripcion], [esCorrecta], [idPregunta]) VALUES (366, N'DON JUAN TENORIO', 0, 122)
INSERT [dbo].[Respuesta] ([idRespuesta], [descripcion], [esCorrecta], [idPregunta]) VALUES (367, N'ARAMIS', 0, 123)
INSERT [dbo].[Respuesta] ([idRespuesta], [descripcion], [esCorrecta], [idPregunta]) VALUES (368, N'D´ARTAGNAN', 1, 123)
INSERT [dbo].[Respuesta] ([idRespuesta], [descripcion], [esCorrecta], [idPregunta]) VALUES (369, N'ATHOS', 0, 123)
INSERT [dbo].[Respuesta] ([idRespuesta], [descripcion], [esCorrecta], [idPregunta]) VALUES (370, N'UN BAILE TÍPICO DE FILIPINAS', 0, 124)
INSERT [dbo].[Respuesta] ([idRespuesta], [descripcion], [esCorrecta], [idPregunta]) VALUES (371, N'UN JUEGO DE DADOS HINDÚ', 0, 124)
INSERT [dbo].[Respuesta] ([idRespuesta], [descripcion], [esCorrecta], [idPregunta]) VALUES (372, N'UN INSECTO DE LOS PAISES CALIDOS', 1, 124)
INSERT [dbo].[Respuesta] ([idRespuesta], [descripcion], [esCorrecta], [idPregunta]) VALUES (373, N'EL MOTOR', 0, 125)
INSERT [dbo].[Respuesta] ([idRespuesta], [descripcion], [esCorrecta], [idPregunta]) VALUES (374, N'LAS BUTACAS', 0, 125)
INSERT [dbo].[Respuesta] ([idRespuesta], [descripcion], [esCorrecta], [idPregunta]) VALUES (375, N'LOS PARACAIDAS', 1, 125)
INSERT [dbo].[Respuesta] ([idRespuesta], [descripcion], [esCorrecta], [idPregunta]) VALUES (376, N'EN CADIZ', 1, 126)
INSERT [dbo].[Respuesta] ([idRespuesta], [descripcion], [esCorrecta], [idPregunta]) VALUES (377, N'EN GALES', 0, 126)
INSERT [dbo].[Respuesta] ([idRespuesta], [descripcion], [esCorrecta], [idPregunta]) VALUES (378, N'EN TUNEZ', 0, 126)
INSERT [dbo].[Respuesta] ([idRespuesta], [descripcion], [esCorrecta], [idPregunta]) VALUES (379, N'CON POLENTA', 0, 127)
INSERT [dbo].[Respuesta] ([idRespuesta], [descripcion], [esCorrecta], [idPregunta]) VALUES (380, N'CON SÉMOLA', 1, 127)
INSERT [dbo].[Respuesta] ([idRespuesta], [descripcion], [esCorrecta], [idPregunta]) VALUES (381, N'CON HARINA', 0, 127)
INSERT [dbo].[Respuesta] ([idRespuesta], [descripcion], [esCorrecta], [idPregunta]) VALUES (382, N'LOS HUEVOS', 0, 128)
INSERT [dbo].[Respuesta] ([idRespuesta], [descripcion], [esCorrecta], [idPregunta]) VALUES (383, N'EL QUESO', 0, 128)
INSERT [dbo].[Respuesta] ([idRespuesta], [descripcion], [esCorrecta], [idPregunta]) VALUES (384, N'LAS ESPINACAS', 1, 128)
INSERT [dbo].[Respuesta] ([idRespuesta], [descripcion], [esCorrecta], [idPregunta]) VALUES (385, N'NEPTUNO', 0, 129)
INSERT [dbo].[Respuesta] ([idRespuesta], [descripcion], [esCorrecta], [idPregunta]) VALUES (386, N'ZEUS', 1, 129)
INSERT [dbo].[Respuesta] ([idRespuesta], [descripcion], [esCorrecta], [idPregunta]) VALUES (387, N'POSEIDÓN', 0, 129)
INSERT [dbo].[Respuesta] ([idRespuesta], [descripcion], [esCorrecta], [idPregunta]) VALUES (388, N'ELÁSTICO', 0, 130)
INSERT [dbo].[Respuesta] ([idRespuesta], [descripcion], [esCorrecta], [idPregunta]) VALUES (389, N'JERSEY', 1, 130)
INSERT [dbo].[Respuesta] ([idRespuesta], [descripcion], [esCorrecta], [idPregunta]) VALUES (390, N'SANTA CLARA', 0, 130)
INSERT [dbo].[Respuesta] ([idRespuesta], [descripcion], [esCorrecta], [idPregunta]) VALUES (391, N'CHAMPAGNE', 0, 131)
INSERT [dbo].[Respuesta] ([idRespuesta], [descripcion], [esCorrecta], [idPregunta]) VALUES (392, N'COGNAC', 0, 131)
INSERT [dbo].[Respuesta] ([idRespuesta], [descripcion], [esCorrecta], [idPregunta]) VALUES (393, N'WHISKY', 1, 131)
INSERT [dbo].[Respuesta] ([idRespuesta], [descripcion], [esCorrecta], [idPregunta]) VALUES (394, N'TUBERCULOSIS', 1, 132)
INSERT [dbo].[Respuesta] ([idRespuesta], [descripcion], [esCorrecta], [idPregunta]) VALUES (395, N'POLIOMIELITIS', 0, 132)
INSERT [dbo].[Respuesta] ([idRespuesta], [descripcion], [esCorrecta], [idPregunta]) VALUES (396, N'DIFTERIA', 0, 132)
INSERT [dbo].[Respuesta] ([idRespuesta], [descripcion], [esCorrecta], [idPregunta]) VALUES (397, N'SEIS', 0, 133)
INSERT [dbo].[Respuesta] ([idRespuesta], [descripcion], [esCorrecta], [idPregunta]) VALUES (398, N'CUATRO', 1, 133)
INSERT [dbo].[Respuesta] ([idRespuesta], [descripcion], [esCorrecta], [idPregunta]) VALUES (399, N'DOCE', 0, 133)
GO
INSERT [dbo].[Respuesta] ([idRespuesta], [descripcion], [esCorrecta], [idPregunta]) VALUES (400, N'EINSTEIN', 1, 134)
INSERT [dbo].[Respuesta] ([idRespuesta], [descripcion], [esCorrecta], [idPregunta]) VALUES (401, N'BACH', 0, 134)
INSERT [dbo].[Respuesta] ([idRespuesta], [descripcion], [esCorrecta], [idPregunta]) VALUES (402, N'BACH', 0, 134)
INSERT [dbo].[Respuesta] ([idRespuesta], [descripcion], [esCorrecta], [idPregunta]) VALUES (403, N'GORBACHOV', 0, 135)
INSERT [dbo].[Respuesta] ([idRespuesta], [descripcion], [esCorrecta], [idPregunta]) VALUES (404, N'SPUTNIK', 1, 135)
INSERT [dbo].[Respuesta] ([idRespuesta], [descripcion], [esCorrecta], [idPregunta]) VALUES (405, N'VODKA', 0, 135)
INSERT [dbo].[Respuesta] ([idRespuesta], [descripcion], [esCorrecta], [idPregunta]) VALUES (406, N'MANZANA', 1, 136)
INSERT [dbo].[Respuesta] ([idRespuesta], [descripcion], [esCorrecta], [idPregunta]) VALUES (407, N'MELÓN', 0, 136)
INSERT [dbo].[Respuesta] ([idRespuesta], [descripcion], [esCorrecta], [idPregunta]) VALUES (408, N'MIEL', 0, 136)
INSERT [dbo].[Respuesta] ([idRespuesta], [descripcion], [esCorrecta], [idPregunta]) VALUES (409, N'SERENATA', 0, 137)
INSERT [dbo].[Respuesta] ([idRespuesta], [descripcion], [esCorrecta], [idPregunta]) VALUES (410, N'BORRACHERA', 1, 137)
INSERT [dbo].[Respuesta] ([idRespuesta], [descripcion], [esCorrecta], [idPregunta]) VALUES (411, N'CAMINATA', 0, 137)
INSERT [dbo].[Respuesta] ([idRespuesta], [descripcion], [esCorrecta], [idPregunta]) VALUES (412, N'CRUCE DE CAMINOS', 0, 138)
INSERT [dbo].[Respuesta] ([idRespuesta], [descripcion], [esCorrecta], [idPregunta]) VALUES (413, N'IGLESIA CERCANA', 0, 138)
INSERT [dbo].[Respuesta] ([idRespuesta], [descripcion], [esCorrecta], [idPregunta]) VALUES (414, N'PASO A NIVEL DE FERROCARRIL', 1, 138)
INSERT [dbo].[Respuesta] ([idRespuesta], [descripcion], [esCorrecta], [idPregunta]) VALUES (415, N'ANCHOAS', 1, 139)
INSERT [dbo].[Respuesta] ([idRespuesta], [descripcion], [esCorrecta], [idPregunta]) VALUES (416, N'SALCHICHAS', 0, 139)
INSERT [dbo].[Respuesta] ([idRespuesta], [descripcion], [esCorrecta], [idPregunta]) VALUES (417, N'ACEITUNAS', 0, 139)
INSERT [dbo].[Respuesta] ([idRespuesta], [descripcion], [esCorrecta], [idPregunta]) VALUES (418, N'CHARLES CHAPLIN', 0, 140)
INSERT [dbo].[Respuesta] ([idRespuesta], [descripcion], [esCorrecta], [idPregunta]) VALUES (419, N'JOHN WAYNE', 1, 140)
INSERT [dbo].[Respuesta] ([idRespuesta], [descripcion], [esCorrecta], [idPregunta]) VALUES (420, N'FERNANDEL', 0, 140)
INSERT [dbo].[Respuesta] ([idRespuesta], [descripcion], [esCorrecta], [idPregunta]) VALUES (421, N'WINSTON CHURCHILL', 0, 141)
INSERT [dbo].[Respuesta] ([idRespuesta], [descripcion], [esCorrecta], [idPregunta]) VALUES (422, N'EINSTEIN', 0, 141)
INSERT [dbo].[Respuesta] ([idRespuesta], [descripcion], [esCorrecta], [idPregunta]) VALUES (423, N'MOLIERE', 1, 141)
INSERT [dbo].[Respuesta] ([idRespuesta], [descripcion], [esCorrecta], [idPregunta]) VALUES (424, N'DANDO', 1, 142)
INSERT [dbo].[Respuesta] ([idRespuesta], [descripcion], [esCorrecta], [idPregunta]) VALUES (425, N'ARANDO', 0, 142)
INSERT [dbo].[Respuesta] ([idRespuesta], [descripcion], [esCorrecta], [idPregunta]) VALUES (426, N'PEGANDO', 0, 142)
INSERT [dbo].[Respuesta] ([idRespuesta], [descripcion], [esCorrecta], [idPregunta]) VALUES (427, N'DAMASCO', 0, 143)
INSERT [dbo].[Respuesta] ([idRespuesta], [descripcion], [esCorrecta], [idPregunta]) VALUES (428, N'DURAZNO', 1, 143)
INSERT [dbo].[Respuesta] ([idRespuesta], [descripcion], [esCorrecta], [idPregunta]) VALUES (429, N'CIRUELA', 0, 143)
INSERT [dbo].[Respuesta] ([idRespuesta], [descripcion], [esCorrecta], [idPregunta]) VALUES (430, N'CIUDAD GÓTICA', 0, 144)
INSERT [dbo].[Respuesta] ([idRespuesta], [descripcion], [esCorrecta], [idPregunta]) VALUES (431, N'METRO POLIS', 1, 144)
INSERT [dbo].[Respuesta] ([idRespuesta], [descripcion], [esCorrecta], [idPregunta]) VALUES (432, N'DUNWICH', 0, 144)
INSERT [dbo].[Respuesta] ([idRespuesta], [descripcion], [esCorrecta], [idPregunta]) VALUES (433, N'SANTOS DUMONT', 0, 145)
INSERT [dbo].[Respuesta] ([idRespuesta], [descripcion], [esCorrecta], [idPregunta]) VALUES (434, N'SAINT EXUPÉRY', 0, 145)
INSERT [dbo].[Respuesta] ([idRespuesta], [descripcion], [esCorrecta], [idPregunta]) VALUES (435, N'CHARLES LINDBERGH', 1, 145)
INSERT [dbo].[Respuesta] ([idRespuesta], [descripcion], [esCorrecta], [idPregunta]) VALUES (436, N'NINGUNA', 0, 146)
INSERT [dbo].[Respuesta] ([idRespuesta], [descripcion], [esCorrecta], [idPregunta]) VALUES (437, N'UNA', 0, 146)
INSERT [dbo].[Respuesta] ([idRespuesta], [descripcion], [esCorrecta], [idPregunta]) VALUES (438, N'TRES', 1, 146)
INSERT [dbo].[Respuesta] ([idRespuesta], [descripcion], [esCorrecta], [idPregunta]) VALUES (439, N'CIEN', 0, 147)
INSERT [dbo].[Respuesta] ([idRespuesta], [descripcion], [esCorrecta], [idPregunta]) VALUES (440, N'DOSCIENTAS CINCUENTA', 0, 147)
INSERT [dbo].[Respuesta] ([idRespuesta], [descripcion], [esCorrecta], [idPregunta]) VALUES (441, N'QUINIENTAS', 1, 147)
INSERT [dbo].[Respuesta] ([idRespuesta], [descripcion], [esCorrecta], [idPregunta]) VALUES (442, N'CON NINGUNA', 0, 148)
INSERT [dbo].[Respuesta] ([idRespuesta], [descripcion], [esCorrecta], [idPregunta]) VALUES (443, N'CON DOS', 0, 148)
INSERT [dbo].[Respuesta] ([idRespuesta], [descripcion], [esCorrecta], [idPregunta]) VALUES (444, N'CON UNA', 1, 148)
INSERT [dbo].[Respuesta] ([idRespuesta], [descripcion], [esCorrecta], [idPregunta]) VALUES (445, N'CUATRO', 1, 149)
INSERT [dbo].[Respuesta] ([idRespuesta], [descripcion], [esCorrecta], [idPregunta]) VALUES (446, N'DOS', 0, 149)
INSERT [dbo].[Respuesta] ([idRespuesta], [descripcion], [esCorrecta], [idPregunta]) VALUES (447, N'SEIS', 0, 149)
INSERT [dbo].[Respuesta] ([idRespuesta], [descripcion], [esCorrecta], [idPregunta]) VALUES (448, N'LAS ARRUGAS', 1, 150)
INSERT [dbo].[Respuesta] ([idRespuesta], [descripcion], [esCorrecta], [idPregunta]) VALUES (449, N'LOS LUNARES', 0, 150)
INSERT [dbo].[Respuesta] ([idRespuesta], [descripcion], [esCorrecta], [idPregunta]) VALUES (450, N'LAS OJERAS', 0, 150)
INSERT [dbo].[Respuesta] ([idRespuesta], [descripcion], [esCorrecta], [idPregunta]) VALUES (451, N'UN OPORTO', 0, 151)
INSERT [dbo].[Respuesta] ([idRespuesta], [descripcion], [esCorrecta], [idPregunta]) VALUES (452, N'UN ANIS', 1, 151)
INSERT [dbo].[Respuesta] ([idRespuesta], [descripcion], [esCorrecta], [idPregunta]) VALUES (453, N'UN WHISKY', 0, 151)
INSERT [dbo].[Respuesta] ([idRespuesta], [descripcion], [esCorrecta], [idPregunta]) VALUES (454, N'PARA ADORNO', 0, 152)
INSERT [dbo].[Respuesta] ([idRespuesta], [descripcion], [esCorrecta], [idPregunta]) VALUES (455, N'PARA PLANCHAR BAJO LOS BOTONES', 1, 152)
INSERT [dbo].[Respuesta] ([idRespuesta], [descripcion], [esCorrecta], [idPregunta]) VALUES (456, N'PARA DISIPAR EL CALOR EXCESIVO', 0, 152)
INSERT [dbo].[Respuesta] ([idRespuesta], [descripcion], [esCorrecta], [idPregunta]) VALUES (457, N'POLLO', 0, 153)
INSERT [dbo].[Respuesta] ([idRespuesta], [descripcion], [esCorrecta], [idPregunta]) VALUES (458, N'CERDO', 0, 153)
INSERT [dbo].[Respuesta] ([idRespuesta], [descripcion], [esCorrecta], [idPregunta]) VALUES (459, N'PAVO', 1, 153)
INSERT [dbo].[Respuesta] ([idRespuesta], [descripcion], [esCorrecta], [idPregunta]) VALUES (460, N'EN NEUQUEN', 1, 154)
INSERT [dbo].[Respuesta] ([idRespuesta], [descripcion], [esCorrecta], [idPregunta]) VALUES (461, N'MAR DEL PLATA', 0, 154)
INSERT [dbo].[Respuesta] ([idRespuesta], [descripcion], [esCorrecta], [idPregunta]) VALUES (462, N'MENDOZA', 0, 154)
INSERT [dbo].[Respuesta] ([idRespuesta], [descripcion], [esCorrecta], [idPregunta]) VALUES (463, N'EN MENDOZA', 0, 155)
INSERT [dbo].[Respuesta] ([idRespuesta], [descripcion], [esCorrecta], [idPregunta]) VALUES (464, N'EN TIERRA DEL FUEGO', 1, 155)
INSERT [dbo].[Respuesta] ([idRespuesta], [descripcion], [esCorrecta], [idPregunta]) VALUES (465, N'EN BUENOS AIRES', 0, 155)
INSERT [dbo].[Respuesta] ([idRespuesta], [descripcion], [esCorrecta], [idPregunta]) VALUES (466, N'TRES', 1, 156)
INSERT [dbo].[Respuesta] ([idRespuesta], [descripcion], [esCorrecta], [idPregunta]) VALUES (467, N'DOS', 0, 156)
INSERT [dbo].[Respuesta] ([idRespuesta], [descripcion], [esCorrecta], [idPregunta]) VALUES (468, N'DIEZ', 0, 156)
INSERT [dbo].[Respuesta] ([idRespuesta], [descripcion], [esCorrecta], [idPregunta]) VALUES (469, N'LA MARINA', 0, 157)
INSERT [dbo].[Respuesta] ([idRespuesta], [descripcion], [esCorrecta], [idPregunta]) VALUES (470, N'LA POLICIA', 1, 157)
INSERT [dbo].[Respuesta] ([idRespuesta], [descripcion], [esCorrecta], [idPregunta]) VALUES (471, N'LOS BOMBEROS', 0, 157)
INSERT [dbo].[Respuesta] ([idRespuesta], [descripcion], [esCorrecta], [idPregunta]) VALUES (472, N'MARÍA DE MÓNACO', 0, 158)
INSERT [dbo].[Respuesta] ([idRespuesta], [descripcion], [esCorrecta], [idPregunta]) VALUES (473, N'CLARA DE MÓNACO', 0, 158)
INSERT [dbo].[Respuesta] ([idRespuesta], [descripcion], [esCorrecta], [idPregunta]) VALUES (474, N'ESTEFANIA DE MONACO', 1, 158)
INSERT [dbo].[Respuesta] ([idRespuesta], [descripcion], [esCorrecta], [idPregunta]) VALUES (475, N'ES UN VIEJO', 1, 159)
INSERT [dbo].[Respuesta] ([idRespuesta], [descripcion], [esCorrecta], [idPregunta]) VALUES (476, N'ES UN AVARO', 0, 159)
INSERT [dbo].[Respuesta] ([idRespuesta], [descripcion], [esCorrecta], [idPregunta]) VALUES (477, N'ES UN PECADOR', 0, 159)
INSERT [dbo].[Respuesta] ([idRespuesta], [descripcion], [esCorrecta], [idPregunta]) VALUES (478, N'DE CIGARROS', 0, 160)
INSERT [dbo].[Respuesta] ([idRespuesta], [descripcion], [esCorrecta], [idPregunta]) VALUES (479, N'DE BATIDORAS', 0, 160)
INSERT [dbo].[Respuesta] ([idRespuesta], [descripcion], [esCorrecta], [idPregunta]) VALUES (480, N'DE MOTOS', 1, 160)
INSERT [dbo].[Respuesta] ([idRespuesta], [descripcion], [esCorrecta], [idPregunta]) VALUES (481, N'DE METAL', 0, 161)
INSERT [dbo].[Respuesta] ([idRespuesta], [descripcion], [esCorrecta], [idPregunta]) VALUES (482, N'DE MADERA', 1, 161)
INSERT [dbo].[Respuesta] ([idRespuesta], [descripcion], [esCorrecta], [idPregunta]) VALUES (483, N'DE PIEDRA', 0, 161)
INSERT [dbo].[Respuesta] ([idRespuesta], [descripcion], [esCorrecta], [idPregunta]) VALUES (484, N'SAN LUIS', 0, 162)
INSERT [dbo].[Respuesta] ([idRespuesta], [descripcion], [esCorrecta], [idPregunta]) VALUES (485, N'CORRIENTES', 0, 162)
INSERT [dbo].[Respuesta] ([idRespuesta], [descripcion], [esCorrecta], [idPregunta]) VALUES (486, N'BELGRANO', 1, 162)
INSERT [dbo].[Respuesta] ([idRespuesta], [descripcion], [esCorrecta], [idPregunta]) VALUES (487, N'GIBRALTAR', 1, 163)
INSERT [dbo].[Respuesta] ([idRespuesta], [descripcion], [esCorrecta], [idPregunta]) VALUES (488, N'LOS PIRINEOS', 0, 163)
INSERT [dbo].[Respuesta] ([idRespuesta], [descripcion], [esCorrecta], [idPregunta]) VALUES (489, N'BARILOCHE', 0, 163)
INSERT [dbo].[Respuesta] ([idRespuesta], [descripcion], [esCorrecta], [idPregunta]) VALUES (490, N'SANCHO PANZA', 0, 164)
INSERT [dbo].[Respuesta] ([idRespuesta], [descripcion], [esCorrecta], [idPregunta]) VALUES (491, N'DAMOCLES', 1, 164)
INSERT [dbo].[Respuesta] ([idRespuesta], [descripcion], [esCorrecta], [idPregunta]) VALUES (492, N'SOCRATES', 0, 164)
INSERT [dbo].[Respuesta] ([idRespuesta], [descripcion], [esCorrecta], [idPregunta]) VALUES (493, N'DOS', 1, 165)
INSERT [dbo].[Respuesta] ([idRespuesta], [descripcion], [esCorrecta], [idPregunta]) VALUES (494, N'TRES', 0, 165)
INSERT [dbo].[Respuesta] ([idRespuesta], [descripcion], [esCorrecta], [idPregunta]) VALUES (495, N'CINCO', 0, 165)
INSERT [dbo].[Respuesta] ([idRespuesta], [descripcion], [esCorrecta], [idPregunta]) VALUES (496, N'LOS CIRUJANOS', 0, 166)
INSERT [dbo].[Respuesta] ([idRespuesta], [descripcion], [esCorrecta], [idPregunta]) VALUES (497, N'LOS SOMBREREROS', 0, 166)
INSERT [dbo].[Respuesta] ([idRespuesta], [descripcion], [esCorrecta], [idPregunta]) VALUES (498, N'LOS ZAPATEROS', 1, 166)
INSERT [dbo].[Respuesta] ([idRespuesta], [descripcion], [esCorrecta], [idPregunta]) VALUES (499, N'VENUS', 1, 167)
GO
INSERT [dbo].[Respuesta] ([idRespuesta], [descripcion], [esCorrecta], [idPregunta]) VALUES (500, N'DIANA', 0, 167)
INSERT [dbo].[Respuesta] ([idRespuesta], [descripcion], [esCorrecta], [idPregunta]) VALUES (501, N'MINERVA', 0, 167)
INSERT [dbo].[Respuesta] ([idRespuesta], [descripcion], [esCorrecta], [idPregunta]) VALUES (502, N'EL SOL Y LAS ESTRELLAS', 0, 168)
INSERT [dbo].[Respuesta] ([idRespuesta], [descripcion], [esCorrecta], [idPregunta]) VALUES (503, N'A LA CIUDAD Y AL MUNDO', 1, 168)
INSERT [dbo].[Respuesta] ([idRespuesta], [descripcion], [esCorrecta], [idPregunta]) VALUES (504, N'EL VIENTO Y LA ARENA', 0, 168)
INSERT [dbo].[Respuesta] ([idRespuesta], [descripcion], [esCorrecta], [idPregunta]) VALUES (505, N'VUELVA PRONTO', 0, 169)
INSERT [dbo].[Respuesta] ([idRespuesta], [descripcion], [esCorrecta], [idPregunta]) VALUES (506, N'BIENVENIDOS', 0, 169)
INSERT [dbo].[Respuesta] ([idRespuesta], [descripcion], [esCorrecta], [idPregunta]) VALUES (507, N'CUIDADO CON EL PERRO', 1, 169)
INSERT [dbo].[Respuesta] ([idRespuesta], [descripcion], [esCorrecta], [idPregunta]) VALUES (508, N'VENUS', 1, 170)
INSERT [dbo].[Respuesta] ([idRespuesta], [descripcion], [esCorrecta], [idPregunta]) VALUES (509, N'MARTE', 0, 170)
INSERT [dbo].[Respuesta] ([idRespuesta], [descripcion], [esCorrecta], [idPregunta]) VALUES (510, N'MERCURIO', 0, 170)
INSERT [dbo].[Respuesta] ([idRespuesta], [descripcion], [esCorrecta], [idPregunta]) VALUES (511, N'DE NUEZ', 0, 171)
INSERT [dbo].[Respuesta] ([idRespuesta], [descripcion], [esCorrecta], [idPregunta]) VALUES (512, N'DE ALMENDRA', 1, 171)
INSERT [dbo].[Respuesta] ([idRespuesta], [descripcion], [esCorrecta], [idPregunta]) VALUES (513, N'DE MANÍ', 0, 171)
INSERT [dbo].[Respuesta] ([idRespuesta], [descripcion], [esCorrecta], [idPregunta]) VALUES (514, N'UNA POCA DE GRACIA Y OTRA COSITA', 1, 172)
INSERT [dbo].[Respuesta] ([idRespuesta], [descripcion], [esCorrecta], [idPregunta]) VALUES (515, N'UNA PAREJA ', 0, 172)
INSERT [dbo].[Respuesta] ([idRespuesta], [descripcion], [esCorrecta], [idPregunta]) VALUES (516, N'UN VESTIDO', 0, 172)
INSERT [dbo].[Respuesta] ([idRespuesta], [descripcion], [esCorrecta], [idPregunta]) VALUES (517, N'SERIES DE LA TV MEXICANA', 0, 173)
INSERT [dbo].[Respuesta] ([idRespuesta], [descripcion], [esCorrecta], [idPregunta]) VALUES (518, N'MARCAS DE CIGARROS', 1, 173)
INSERT [dbo].[Respuesta] ([idRespuesta], [descripcion], [esCorrecta], [idPregunta]) VALUES (519, N'OBRAS TEATRALES FAMOSAS.', 0, 173)
INSERT [dbo].[Respuesta] ([idRespuesta], [descripcion], [esCorrecta], [idPregunta]) VALUES (520, N'GENTE', 0, 174)
INSERT [dbo].[Respuesta] ([idRespuesta], [descripcion], [esCorrecta], [idPregunta]) VALUES (521, N'SEMANARIO', 0, 174)
INSERT [dbo].[Respuesta] ([idRespuesta], [descripcion], [esCorrecta], [idPregunta]) VALUES (522, N'¡HOLA!', 1, 174)
INSERT [dbo].[Respuesta] ([idRespuesta], [descripcion], [esCorrecta], [idPregunta]) VALUES (523, N'A LA U', 0, 175)
INSERT [dbo].[Respuesta] ([idRespuesta], [descripcion], [esCorrecta], [idPregunta]) VALUES (524, N'A LA W', 0, 175)
INSERT [dbo].[Respuesta] ([idRespuesta], [descripcion], [esCorrecta], [idPregunta]) VALUES (525, N'A LA V', 1, 175)
INSERT [dbo].[Respuesta] ([idRespuesta], [descripcion], [esCorrecta], [idPregunta]) VALUES (526, N'EL VINO', 1, 176)
INSERT [dbo].[Respuesta] ([idRespuesta], [descripcion], [esCorrecta], [idPregunta]) VALUES (527, N'LA CERVEZA', 0, 176)
INSERT [dbo].[Respuesta] ([idRespuesta], [descripcion], [esCorrecta], [idPregunta]) VALUES (528, N'LA LECHE', 0, 176)
INSERT [dbo].[Respuesta] ([idRespuesta], [descripcion], [esCorrecta], [idPregunta]) VALUES (529, N'CANCER', 0, 177)
INSERT [dbo].[Respuesta] ([idRespuesta], [descripcion], [esCorrecta], [idPregunta]) VALUES (530, N'ARIES', 1, 177)
INSERT [dbo].[Respuesta] ([idRespuesta], [descripcion], [esCorrecta], [idPregunta]) VALUES (531, N'LIBRA', 0, 177)
INSERT [dbo].[Respuesta] ([idRespuesta], [descripcion], [esCorrecta], [idPregunta]) VALUES (532, N'PROSTITUTAS', 1, 178)
INSERT [dbo].[Respuesta] ([idRespuesta], [descripcion], [esCorrecta], [idPregunta]) VALUES (533, N'ANCIANAS', 0, 178)
INSERT [dbo].[Respuesta] ([idRespuesta], [descripcion], [esCorrecta], [idPregunta]) VALUES (534, N'MUJERES EMBARAZADAS', 0, 178)
INSERT [dbo].[Respuesta] ([idRespuesta], [descripcion], [esCorrecta], [idPregunta]) VALUES (535, N'COINTREAU', 0, 179)
INSERT [dbo].[Respuesta] ([idRespuesta], [descripcion], [esCorrecta], [idPregunta]) VALUES (536, N'MARRASQUINO', 1, 179)
INSERT [dbo].[Respuesta] ([idRespuesta], [descripcion], [esCorrecta], [idPregunta]) VALUES (537, N'ANÍS', 0, 179)
INSERT [dbo].[Respuesta] ([idRespuesta], [descripcion], [esCorrecta], [idPregunta]) VALUES (538, N'LEY SÁLICA', 0, 180)
INSERT [dbo].[Respuesta] ([idRespuesta], [descripcion], [esCorrecta], [idPregunta]) VALUES (539, N'LEY DE SALOMÓN', 0, 180)
INSERT [dbo].[Respuesta] ([idRespuesta], [descripcion], [esCorrecta], [idPregunta]) VALUES (540, N'LEY DEL TALION', 1, 180)
INSERT [dbo].[Respuesta] ([idRespuesta], [descripcion], [esCorrecta], [idPregunta]) VALUES (541, N'MARGARITAS', 1, 181)
INSERT [dbo].[Respuesta] ([idRespuesta], [descripcion], [esCorrecta], [idPregunta]) VALUES (542, N'ROSAS', 0, 181)
INSERT [dbo].[Respuesta] ([idRespuesta], [descripcion], [esCorrecta], [idPregunta]) VALUES (543, N'LIRIOS', 0, 181)
INSERT [dbo].[Respuesta] ([idRespuesta], [descripcion], [esCorrecta], [idPregunta]) VALUES (544, N'CLASES DE PLUMAS PARA ESCRIBIR', 0, 182)
INSERT [dbo].[Respuesta] ([idRespuesta], [descripcion], [esCorrecta], [idPregunta]) VALUES (545, N'CLASES DE CLAVOS', 1, 182)
INSERT [dbo].[Respuesta] ([idRespuesta], [descripcion], [esCorrecta], [idPregunta]) VALUES (546, N'CLASES DE PINCELES', 0, 182)
INSERT [dbo].[Respuesta] ([idRespuesta], [descripcion], [esCorrecta], [idPregunta]) VALUES (547, N'MICK', 0, 183)
INSERT [dbo].[Respuesta] ([idRespuesta], [descripcion], [esCorrecta], [idPregunta]) VALUES (548, N'PRINCE', 1, 183)
INSERT [dbo].[Respuesta] ([idRespuesta], [descripcion], [esCorrecta], [idPregunta]) VALUES (549, N'JEREMY', 0, 183)
INSERT [dbo].[Respuesta] ([idRespuesta], [descripcion], [esCorrecta], [idPregunta]) VALUES (550, N'GRACE JONES', 0, 184)
INSERT [dbo].[Respuesta] ([idRespuesta], [descripcion], [esCorrecta], [idPregunta]) VALUES (551, N'LA TOYA JACKSON', 0, 184)
INSERT [dbo].[Respuesta] ([idRespuesta], [descripcion], [esCorrecta], [idPregunta]) VALUES (552, N'WHITNEY HOUSTON', 1, 184)
INSERT [dbo].[Respuesta] ([idRespuesta], [descripcion], [esCorrecta], [idPregunta]) VALUES (553, N'EL PRINCIPE ANDRES DE INGLATERRA', 1, 185)
INSERT [dbo].[Respuesta] ([idRespuesta], [descripcion], [esCorrecta], [idPregunta]) VALUES (554, N'EL PRINCIPE CARLOS', 0, 185)
INSERT [dbo].[Respuesta] ([idRespuesta], [descripcion], [esCorrecta], [idPregunta]) VALUES (555, N'EL PRINCIPE ROBERTO', 0, 185)
INSERT [dbo].[Respuesta] ([idRespuesta], [descripcion], [esCorrecta], [idPregunta]) VALUES (556, N'DEL CIDRO', 0, 186)
INSERT [dbo].[Respuesta] ([idRespuesta], [descripcion], [esCorrecta], [idPregunta]) VALUES (557, N'DE LA UVA', 0, 186)
INSERT [dbo].[Respuesta] ([idRespuesta], [descripcion], [esCorrecta], [idPregunta]) VALUES (558, N'DE LA MANZANA', 1, 186)
INSERT [dbo].[Respuesta] ([idRespuesta], [descripcion], [esCorrecta], [idPregunta]) VALUES (559, N'LETIZIA', 1, 187)
INSERT [dbo].[Respuesta] ([idRespuesta], [descripcion], [esCorrecta], [idPregunta]) VALUES (560, N'SOFÍA', 0, 187)
INSERT [dbo].[Respuesta] ([idRespuesta], [descripcion], [esCorrecta], [idPregunta]) VALUES (561, N'MÁXIMA', 0, 187)
INSERT [dbo].[Respuesta] ([idRespuesta], [descripcion], [esCorrecta], [idPregunta]) VALUES (562, N'EL RELOJ DE AGUA', 0, 188)
INSERT [dbo].[Respuesta] ([idRespuesta], [descripcion], [esCorrecta], [idPregunta]) VALUES (563, N'EL RELOJ DE SOL', 1, 188)
INSERT [dbo].[Respuesta] ([idRespuesta], [descripcion], [esCorrecta], [idPregunta]) VALUES (564, N'EL RELOJ DE ARENA', 0, 188)
INSERT [dbo].[Respuesta] ([idRespuesta], [descripcion], [esCorrecta], [idPregunta]) VALUES (565, N'LAS VALIJAS FLEXIBLES', 0, 189)
INSERT [dbo].[Respuesta] ([idRespuesta], [descripcion], [esCorrecta], [idPregunta]) VALUES (566, N'EL PASAPORTE', 0, 189)
INSERT [dbo].[Respuesta] ([idRespuesta], [descripcion], [esCorrecta], [idPregunta]) VALUES (567, N'LOS CHEQUES DE VIAJERO', 1, 189)
INSERT [dbo].[Respuesta] ([idRespuesta], [descripcion], [esCorrecta], [idPregunta]) VALUES (568, N'UNA FIESTA MORISCA', 0, 190)
INSERT [dbo].[Respuesta] ([idRespuesta], [descripcion], [esCorrecta], [idPregunta]) VALUES (569, N'UN INSTRUMENTO MUSICAL', 1, 190)
INSERT [dbo].[Respuesta] ([idRespuesta], [descripcion], [esCorrecta], [idPregunta]) VALUES (570, N'UNA FORMA DE ZAMBULLIRSE EN EL AGUA', 0, 190)
INSERT [dbo].[Respuesta] ([idRespuesta], [descripcion], [esCorrecta], [idPregunta]) VALUES (571, N'BLANCA', 1, 191)
INSERT [dbo].[Respuesta] ([idRespuesta], [descripcion], [esCorrecta], [idPregunta]) VALUES (572, N'ROJA', 0, 191)
INSERT [dbo].[Respuesta] ([idRespuesta], [descripcion], [esCorrecta], [idPregunta]) VALUES (573, N'VERDE', 0, 191)
INSERT [dbo].[Respuesta] ([idRespuesta], [descripcion], [esCorrecta], [idPregunta]) VALUES (574, N'SIETE ABEJAS', 0, 192)
INSERT [dbo].[Respuesta] ([idRespuesta], [descripcion], [esCorrecta], [idPregunta]) VALUES (575, N'SIETE MOSCAS', 1, 192)
INSERT [dbo].[Respuesta] ([idRespuesta], [descripcion], [esCorrecta], [idPregunta]) VALUES (576, N'SIETE GIGANTES', 0, 192)
INSERT [dbo].[Respuesta] ([idRespuesta], [descripcion], [esCorrecta], [idPregunta]) VALUES (577, N'EN FLORENCIA', 1, 193)
INSERT [dbo].[Respuesta] ([idRespuesta], [descripcion], [esCorrecta], [idPregunta]) VALUES (578, N'EN ROMA', 0, 193)
INSERT [dbo].[Respuesta] ([idRespuesta], [descripcion], [esCorrecta], [idPregunta]) VALUES (579, N'EN NÁPOLES', 0, 193)
INSERT [dbo].[Respuesta] ([idRespuesta], [descripcion], [esCorrecta], [idPregunta]) VALUES (580, N'DIEZ MIL', 0, 194)
INSERT [dbo].[Respuesta] ([idRespuesta], [descripcion], [esCorrecta], [idPregunta]) VALUES (581, N'QUINIENTOS', 1, 194)
INSERT [dbo].[Respuesta] ([idRespuesta], [descripcion], [esCorrecta], [idPregunta]) VALUES (582, N'DOSCIENTOS CINCUENTA', 0, 194)
INSERT [dbo].[Respuesta] ([idRespuesta], [descripcion], [esCorrecta], [idPregunta]) VALUES (583, N'LA GINEBRA', 0, 195)
INSERT [dbo].[Respuesta] ([idRespuesta], [descripcion], [esCorrecta], [idPregunta]) VALUES (584, N'LA VODKA', 0, 195)
INSERT [dbo].[Respuesta] ([idRespuesta], [descripcion], [esCorrecta], [idPregunta]) VALUES (585, N'LA GRAPPA', 1, 195)
INSERT [dbo].[Respuesta] ([idRespuesta], [descripcion], [esCorrecta], [idPregunta]) VALUES (586, N'DEL HOMBRE FUERTE', 0, 196)
INSERT [dbo].[Respuesta] ([idRespuesta], [descripcion], [esCorrecta], [idPregunta]) VALUES (587, N'DEL JUNCO EN EL AGUA', 0, 196)
INSERT [dbo].[Respuesta] ([idRespuesta], [descripcion], [esCorrecta], [idPregunta]) VALUES (588, N'DE LA MANO VACIA', 1, 196)
INSERT [dbo].[Respuesta] ([idRespuesta], [descripcion], [esCorrecta], [idPregunta]) VALUES (589, N'LA IGNORANCIA', 0, 197)
INSERT [dbo].[Respuesta] ([idRespuesta], [descripcion], [esCorrecta], [idPregunta]) VALUES (590, N'LA PEREZA', 1, 197)
INSERT [dbo].[Respuesta] ([idRespuesta], [descripcion], [esCorrecta], [idPregunta]) VALUES (591, N'LA MALDAD', 0, 197)
INSERT [dbo].[Respuesta] ([idRespuesta], [descripcion], [esCorrecta], [idPregunta]) VALUES (592, N'MARGARET THATCHER', 0, 198)
INSERT [dbo].[Respuesta] ([idRespuesta], [descripcion], [esCorrecta], [idPregunta]) VALUES (593, N'JACKIE KENNEDY', 0, 198)
INSERT [dbo].[Respuesta] ([idRespuesta], [descripcion], [esCorrecta], [idPregunta]) VALUES (594, N'LA VIRGEN MARIA', 1, 198)
INSERT [dbo].[Respuesta] ([idRespuesta], [descripcion], [esCorrecta], [idPregunta]) VALUES (595, N'EN ITALIANO', 1, 199)
INSERT [dbo].[Respuesta] ([idRespuesta], [descripcion], [esCorrecta], [idPregunta]) VALUES (596, N'EN LATÍN', 0, 199)
INSERT [dbo].[Respuesta] ([idRespuesta], [descripcion], [esCorrecta], [idPregunta]) VALUES (597, N'EN INGLÉS', 0, 199)
INSERT [dbo].[Respuesta] ([idRespuesta], [descripcion], [esCorrecta], [idPregunta]) VALUES (598, N'ROTARY CLUB', 0, 200)
INSERT [dbo].[Respuesta] ([idRespuesta], [descripcion], [esCorrecta], [idPregunta]) VALUES (599, N'BOY SCOUTS', 1, 200)
GO
INSERT [dbo].[Respuesta] ([idRespuesta], [descripcion], [esCorrecta], [idPregunta]) VALUES (600, N'CRUZ ROJA', 0, 200)
INSERT [dbo].[Respuesta] ([idRespuesta], [descripcion], [esCorrecta], [idPregunta]) VALUES (601, N'A UN BAR', 1, 201)
INSERT [dbo].[Respuesta] ([idRespuesta], [descripcion], [esCorrecta], [idPregunta]) VALUES (602, N'A UN SAUNA', 0, 201)
INSERT [dbo].[Respuesta] ([idRespuesta], [descripcion], [esCorrecta], [idPregunta]) VALUES (603, N'A UN BAÑO TERMAL', 0, 201)
INSERT [dbo].[Respuesta] ([idRespuesta], [descripcion], [esCorrecta], [idPregunta]) VALUES (604, N'VÍCTOR HUGO MORALES', 0, 202)
INSERT [dbo].[Respuesta] ([idRespuesta], [descripcion], [esCorrecta], [idPregunta]) VALUES (605, N'MARCELO ARAUJO', 1, 202)
INSERT [dbo].[Respuesta] ([idRespuesta], [descripcion], [esCorrecta], [idPregunta]) VALUES (606, N'ENRIQUE WOLFF', 0, 202)
INSERT [dbo].[Respuesta] ([idRespuesta], [descripcion], [esCorrecta], [idPregunta]) VALUES (607, N'COPENHAGUE', 0, 203)
INSERT [dbo].[Respuesta] ([idRespuesta], [descripcion], [esCorrecta], [idPregunta]) VALUES (608, N'VARSOVIA', 1, 203)
INSERT [dbo].[Respuesta] ([idRespuesta], [descripcion], [esCorrecta], [idPregunta]) VALUES (609, N'MARSELLA', 0, 203)
INSERT [dbo].[Respuesta] ([idRespuesta], [descripcion], [esCorrecta], [idPregunta]) VALUES (610, N'ESTADOUNIDENSE', 0, 204)
INSERT [dbo].[Respuesta] ([idRespuesta], [descripcion], [esCorrecta], [idPregunta]) VALUES (611, N'BRITÁNICO', 0, 204)
INSERT [dbo].[Respuesta] ([idRespuesta], [descripcion], [esCorrecta], [idPregunta]) VALUES (612, N'AUSTRALIANO', 1, 204)
INSERT [dbo].[Respuesta] ([idRespuesta], [descripcion], [esCorrecta], [idPregunta]) VALUES (613, N'ANIMALES ACUATICOS', 1, 205)
INSERT [dbo].[Respuesta] ([idRespuesta], [descripcion], [esCorrecta], [idPregunta]) VALUES (614, N'INSTRUMENTOS DE TRES CUERDAS', 0, 205)
INSERT [dbo].[Respuesta] ([idRespuesta], [descripcion], [esCorrecta], [idPregunta]) VALUES (615, N'CANTOS GREGORIANOS TRUNCOS', 0, 205)
INSERT [dbo].[Respuesta] ([idRespuesta], [descripcion], [esCorrecta], [idPregunta]) VALUES (616, N'DIEZ', 1, 206)
INSERT [dbo].[Respuesta] ([idRespuesta], [descripcion], [esCorrecta], [idPregunta]) VALUES (617, N'TREINTA Y DOS', 0, 206)
INSERT [dbo].[Respuesta] ([idRespuesta], [descripcion], [esCorrecta], [idPregunta]) VALUES (618, N'CUARENTA Y DOS', 0, 206)
INSERT [dbo].[Respuesta] ([idRespuesta], [descripcion], [esCorrecta], [idPregunta]) VALUES (619, N'PARA DISIMULAR SUS RASGOS INFANTILES', 0, 207)
INSERT [dbo].[Respuesta] ([idRespuesta], [descripcion], [esCorrecta], [idPregunta]) VALUES (620, N'PORQUE TENÍA ALERGIA AL JABÓN DE AFEITAR', 0, 207)
INSERT [dbo].[Respuesta] ([idRespuesta], [descripcion], [esCorrecta], [idPregunta]) VALUES (621, N'PORQUE LE HABIAN CORTADO LA CARA EN UN DUELO', 1, 207)
INSERT [dbo].[Respuesta] ([idRespuesta], [descripcion], [esCorrecta], [idPregunta]) VALUES (622, N'LA CUCHARA', 0, 208)
INSERT [dbo].[Respuesta] ([idRespuesta], [descripcion], [esCorrecta], [idPregunta]) VALUES (623, N'EL TENEDOR', 1, 208)
INSERT [dbo].[Respuesta] ([idRespuesta], [descripcion], [esCorrecta], [idPregunta]) VALUES (624, N'EL CUCHILLO', 0, 208)
INSERT [dbo].[Respuesta] ([idRespuesta], [descripcion], [esCorrecta], [idPregunta]) VALUES (625, N'EINSTEIN', 1, 209)
INSERT [dbo].[Respuesta] ([idRespuesta], [descripcion], [esCorrecta], [idPregunta]) VALUES (626, N'PICASSO', 0, 209)
INSERT [dbo].[Respuesta] ([idRespuesta], [descripcion], [esCorrecta], [idPregunta]) VALUES (627, N'BERTOLT BRECHT', 0, 209)
INSERT [dbo].[Respuesta] ([idRespuesta], [descripcion], [esCorrecta], [idPregunta]) VALUES (628, N'A DOÑA PETRONA', 0, 210)
INSERT [dbo].[Respuesta] ([idRespuesta], [descripcion], [esCorrecta], [idPregunta]) VALUES (629, N'A SAN JUAN BAUTISTA', 0, 210)
INSERT [dbo].[Respuesta] ([idRespuesta], [descripcion], [esCorrecta], [idPregunta]) VALUES (630, N'A CICERON', 1, 210)
INSERT [dbo].[Respuesta] ([idRespuesta], [descripcion], [esCorrecta], [idPregunta]) VALUES (631, N'HIPOTENUSA', 1, 211)
INSERT [dbo].[Respuesta] ([idRespuesta], [descripcion], [esCorrecta], [idPregunta]) VALUES (632, N'ASÍNTOTA', 0, 211)
INSERT [dbo].[Respuesta] ([idRespuesta], [descripcion], [esCorrecta], [idPregunta]) VALUES (633, N'PI', 0, 211)
INSERT [dbo].[Respuesta] ([idRespuesta], [descripcion], [esCorrecta], [idPregunta]) VALUES (634, N'ODINO', 0, 212)
INSERT [dbo].[Respuesta] ([idRespuesta], [descripcion], [esCorrecta], [idPregunta]) VALUES (635, N'TRUMAN', 1, 212)
INSERT [dbo].[Respuesta] ([idRespuesta], [descripcion], [esCorrecta], [idPregunta]) VALUES (636, N'FIRULAY', 0, 212)
INSERT [dbo].[Respuesta] ([idRespuesta], [descripcion], [esCorrecta], [idPregunta]) VALUES (637, N'BACO', 1, 213)
INSERT [dbo].[Respuesta] ([idRespuesta], [descripcion], [esCorrecta], [idPregunta]) VALUES (638, N'SHIVA', 0, 213)
INSERT [dbo].[Respuesta] ([idRespuesta], [descripcion], [esCorrecta], [idPregunta]) VALUES (639, N'BISNÚ', 0, 213)
INSERT [dbo].[Respuesta] ([idRespuesta], [descripcion], [esCorrecta], [idPregunta]) VALUES (640, N'SILVA', 0, 214)
INSERT [dbo].[Respuesta] ([idRespuesta], [descripcion], [esCorrecta], [idPregunta]) VALUES (641, N'CLOQUEA', 0, 214)
INSERT [dbo].[Respuesta] ([idRespuesta], [descripcion], [esCorrecta], [idPregunta]) VALUES (642, N'ULULA', 1, 214)
INSERT [dbo].[Respuesta] ([idRespuesta], [descripcion], [esCorrecta], [idPregunta]) VALUES (643, N'JUDAS', 0, 215)
INSERT [dbo].[Respuesta] ([idRespuesta], [descripcion], [esCorrecta], [idPregunta]) VALUES (644, N'JESUCRISTO', 1, 215)
INSERT [dbo].[Respuesta] ([idRespuesta], [descripcion], [esCorrecta], [idPregunta]) VALUES (645, N'PEDRO', 0, 215)
INSERT [dbo].[Respuesta] ([idRespuesta], [descripcion], [esCorrecta], [idPregunta]) VALUES (646, N'PLAYBOY', 0, 216)
INSERT [dbo].[Respuesta] ([idRespuesta], [descripcion], [esCorrecta], [idPregunta]) VALUES (647, N'PENTHOUSE', 0, 216)
INSERT [dbo].[Respuesta] ([idRespuesta], [descripcion], [esCorrecta], [idPregunta]) VALUES (648, N'HUSTLER', 1, 216)
SET IDENTITY_INSERT [dbo].[Respuesta] OFF
GO
SET IDENTITY_INSERT [dbo].[Usuario] ON 

INSERT [dbo].[Usuario] ([id], [user], [password], [idEstado], [idPregunta]) VALUES (1, N'fbalbuena', N'1234', 1, 0)
INSERT [dbo].[Usuario] ([id], [user], [password], [idEstado], [idPregunta]) VALUES (2, N'lmpaiva', N'1234', 1, 0)
INSERT [dbo].[Usuario] ([id], [user], [password], [idEstado], [idPregunta]) VALUES (3, N'mnieto', N'1234', 1, 0)
INSERT [dbo].[Usuario] ([id], [user], [password], [idEstado], [idPregunta]) VALUES (4, N'gzammataro', N'1234', 1, 0)
INSERT [dbo].[Usuario] ([id], [user], [password], [idEstado], [idPregunta]) VALUES (5, N'vdangela', N'1234', 1, 0)
SET IDENTITY_INSERT [dbo].[Usuario] OFF
GO